mbid,name,main_genre
ce55e49a-32f4-4757-9849-bf04d06d5fcc,T‐Pain,hip hop
8837b875-3689-4646-b3fd-d8b53815c7a8,Lil Uzi Vert,hip hop
800760de-bdf8-43a2-8fe0-44a2401a5515,Young Thug,hip hop
de23d637-20df-4b15-ae63-263dd5a34f10,DJ Drama,hip hop
83735edd-f2a3-41d0-a31d-652bc3cadb3e,Jadakiss,hip hop
25b7b584-d952-4662-a8b9-dd8cdfbfeb64,A$AP Rocky,hip hop
61af87f4-16ee-4431-8504-cc06187079fb,XXXTENTACION,trap
f6beac20-5dfe-4d1f-ae02-0b0a740aafd6,"Tyler, The Creator",hip hop
20244d07-534f-4eff-b4d4-930878889970,Taylor Swift,pop
d5d97b2b-b83b-4976-814a-056d9076c8c3,The Notorious B.I.G.,hip hop
a449973b-074b-4cf0-a4d6-f11fa2d1073f,E‐40,hip hop
650e7db6-b795-4eb5-a702-5ea2fc46c848,Lady Gaga,pop
37b2cb82-ef79-4d46-a184-a549450aa231,21 Savage,trap
b2029169-2574-4305-820f-252a5fde3697,Meghan Trainor,doo-wop
afb680f2-b6eb-4cd7-a70b-a63b25c763d5,Bruno Mars,pop
9034f787-3e79-44fe-89c1-8a082d556eec,Kurupt,hip hop
8dd98bdc-80ec-4e93-8509-2f46bafc09a7,Calvin Harris,dance-pop
f59c5520-5f46-4d2c-b2c4-822eabf53419,Linkin Park,nu metal
01b8b5bf-06cb-45da-85fb-61ada72fcd69,Camila Cabello,pop
2f522f5c-111c-4ce8-8bd0-d82e97c227ad,Daddy Yankee,reggaeton
596ffa74-3d08-44ef-b113-765d43d12738,Justin Timberlake,pop
4e4ebde4-0c56-4dec-844b-6c73adcdd92d,Juice WRLD,hip hop
0383dadf-2a4e-4d10-a46a-e9e041da8eb3,Queen,rock
35f343df-3b87-4475-b0e4-d2ba5cc26eea,Romeo Santos,bachata
cfbc0924-0035-4d6c-8197-f024653af823,Nas,hip hop
db76c5ca-d555-4f09-b1db-baa1b713d875,Mary J. Blige,contemporary r&b
28737730-ec70-4da5-89c5-77ac13c5c34d,Khalid,contemporary r&b
081a2d60-9791-4e05-a075-f1890355eeee,DJ Khaled,hip hop
7fb57fba-a6ef-44c2-abab-2fa3bdee607e,Childish Gambino,hip hop
48262e82-db9f-4a92-b650-dfef979b73ec,Future,hip hop
c45d161f-83ce-4464-ba41-44202e6916d9,Juicy J,hip hop
ac9a487a-d9d2-4f27-bb23-0f4686488345,Lil Wayne,hip hop
c458e9dc-e0d5-45ea-9e83-f9d0395f030d,Nicky Jam,reggaeton
253c9ae7-850b-46be-8fbb-65e9fa621058,Pop Smoke,hip hop
0221734a-35a8-40f7-b5c5-2f61a200bc7c,Migos,hip hop
127d8614-0876-4408-886c-6f110b047a78,YoungBoy Never Broke Again,hip hop
382f1005-e9ab-4684-afd4-0bdae4ee37f2,2Pac,gangsta rap
e4bc69e2-a064-4f93-ada1-f7f209cc1cc3,Selena Gomez,dance-pop
4ae36ade-1798-48c4-b06b-cc68b7d3d83f,Porter Robinson,electronic
e21857d5-3256-4547-afb3-4b6ded592596,Gorillaz,alternative rock
5df62a88-cac9-490a-b62c-c7c88f4020f4,Doja Cat,hip hop
859d0860-d480-4efd-970c-c05d5f1776b8,Beyoncé,pop
9fff2f8a-21e6-47de-a2b8-7f449929d43f,Drake,hip hop
f27ec8db-af05-4f36-916e-3d57f91ecf5e,Michael Jackson,pop
f7ba7fbe-c6bd-4ac0-bee9-c25c558d7d62,T.I.,hip hop
875203e1-8e58-4b86-8dcb-7190faf411c5,J. Cole,hip hop
cc197bad-dc9c-440d-a5b5-d52ba2e14234,Coldplay,alternative rock
daa09819-5da5-4c7a-8bef-eb372bb27ff1,Timbaland,contemporary r&b
2baf3276-ed6a-4349-8d2e-f4601e7b2167,Playboi Carti,hip hop
122d63fc-8671-43e4-9752-34e846d62a9c,Katy Perry,pop
302bd7b9-d012-4360-897a-93b00c855680,David Guetta,dance-pop
6f1a58bf-9b1b-49cf-a44a-6cefad7ae04f,Dua Lipa,dance-pop
301b45a4-b8b9-410e-8344-4b4eaf96691a,Marshmello,edm
e4a51f17-a57b-47b1-b37b-f552d0f8e9e6,Travis Scott,hip hop
b83bc61f-8451-4a5d-8b8e-7e9ed295e822,Elton John,pop
f90e8b26-9e52-4669-a5c9-e28529c47894,Snoop Dogg,hip hop
8ef1df30-ae4f-4dbd-9351-1a32b208a01e,Alicia Keys,contemporary r&b
f4fdbb4c-e4b7-47a0-b83b-d91bbfcfa387,Ariana Grande,pop
10a9ff92-9637-4498-afea-7044b2ab0dc0,Busta Rhymes,hip hop
f5dfa020-ad69-41cd-b3d4-fd7af0414e94,Wiz Khalifa,hip hop
eb90c8b8-d733-4c14-a293-105c3d1ba9b3,Becky G,latin
c234fa42-e6a6-443e-937e-2f4b073538a3,Chris Brown,contemporary r&b
b1e26560-60e5-4236-bbdb-9aa5a8d5ee19,Post Malone,hip hop
47e7833f-f1a7-4703-942d-9acf12f39a1d,Arcángel,latin
31bcadcc-e1da-4cad-bec8-2f4f1d41b095,Meek Mill,hip hop
942a9807-9c1a-4a0e-a285-1fde2c5be9d1,Big Sean,hip hop
73e5e69d-3554-40d8-8516-00cb38737a1c,Rihanna,pop
5f6ab597-f57a-40da-be9e-adad48708203,Dr. Dre,hip hop
7bd66c18-cb33-49aa-9279-140acedbdb49,Ty Dolla $ign,hip hop
79239441-bfd5-4981-a70c-55c3f15c1287,Madonna,pop
36494952-f434-45d8-a958-8b4acdbcf8a8,Gucci Mane,hip hop
5bdeb32d-56a5-4b6d-a768-264101fa0a0a,J Balvin,reggaeton
dff0d392-4cd5-4052-9fbb-f485df3891e5,2 Chainz,hip hop
b7539c32-53e7-4908-bda3-81449c367da6,Lana Del Rey,indie pop
7e9bd05a-117f-4cce-87bc-e011527a8b18,Miley Cyrus,pop
b8a7c51f-362c-4dcb-a259-bc6e0095f0a6,Ed Sheeran,pop
d2b3524f-67e8-45ef-bfc1-693cac525135,Farruko,latin
0ab49580-c84f-44d4-875f-d83760ea2cfe,Maroon 5,pop
92da4329-77a4-425c-8e92-4280110cace9,Lil Peep,cloud rap
13bcb2bb-db37-4397-baf5-e0f085be2d64,Rick Ross,hip hop
bd13909f-1c29-4c27-a874-d4aaf27c5b1a,Fleetwood Mac,rock
f82bcf78-5b69-4622-a5ef-73800768d9ac,JAY‐Z,pop rap
d262ea27-3ffe-40f7-b922-85c42d625e67,Pitbull,dance-pop
91a81925-92f9-4fc9-b897-93cf01226282,The Chainsmokers,electro house
1036b808-f58c-4a3e-b461-a2c4492ecf1b,Nicki Minaj,hip hop
272989c8-5535-492d-a25c-9f58803e027f,SZA,contemporary r&b
8e68819d-71be-4e7d-b41d-f1df81b01d3f,50 Cent,hip hop
d42a5768-ada1-4fb6-85fd-f61aba6264e0,Lil Baby,hip hop
381086ea-f511-4aba-bdf9-71c753dc5077,Kendrick Lamar,hip hop
07cc14fb-4784-4a25-804b-2686ed5ef52c,The Game,hip hop
3414d446-735a-443c-931f-10634f57e5b9,Usher,contemporary r&b
faf4cefb-036c-4c88-b93a-5b03dd0a0e6b,Demi Lovato,pop
164f0d73-1234-4e2c-8743-d77bf2191051,Ye,hip hop
b95ce3ff-3d05-4e87-9e01-c97b66af13d4,Eminem,hip hop
ce09ea31-3d4a-4487-a797-e315175457a0,Tyga,hip hop
45dc5f07-6609-4760-a933-8c9e0f858d05,French Montana,hip hop
0638ba22-040f-438d-83a5-9b670c4adaf5,Ludacris,hip hop
dcad99e7-3c3e-4c78-bf8a-68203e17da48,Jeezy,hip hop
2f3c4d70-0462-40da-bba3-0aec5772c556,Cardi B,hip hop
45a663b5-b1cb-4a91-bff6-2bef7bbfdd76,Britney Spears,pop
01388d66-9bb4-4ad3-8fee-37a4bd64d28d,$tupid Young,trap
603ba565-3967-4be1-931e-9cb945394e86,*NSYNC,pop
66c0ac71-339a-44a5-a549-66d305b61fce,03 Greedo,hip hop
741dbc8e-1cd5-4a66-b2b8-43bbad87ae12,070 Shake,alternative hip hop
5c3153a9-25ee-41fd-b3ed-8cae4c694e63,21 Lil Harold,hip hop
bad323d3-10f3-47d9-9349-73b16df3d58f,24Heavy,
e3de6583-99d7-4b91-94b2-3e7aecec300b,24hrs,
c8e94c78-0e17-4d9a-b1f6-96e1b22ebe97,2CELLOS,classical crossover
125948ec-7f91-4d1a-8b83-accbf50fae3d,3OH!3,crunkcore
8275ed69-a0f8-4bad-b6e0-2c57d306e593,3T,
a5f93663-f869-416b-a62e-c526ddba287b,40 Glocc,
4214aa04-64b0-442a-982b-0560e6d3a5bd,42 Dugg,detroit trap
830e5c4e-6b7d-431d-86ab-00c751281dc5,5 Seconds of Summer,pop rock
2282c539-05a2-477c-82b7-fe40798d37f3,6ix9ine,hip hop
07832b42-8826-4ab1-acd3-c49a2f595ffe,6LACK,contemporary r&b
30029ee1-8454-4ef3-a49b-5a5a6b2b9732,7th Veil,
48513f24-37d5-423f-b9b7-2b712af7f50d,9th Wonder,hip hop
eec63d3c-3b81-4ad4-b1e4-7c147d4d2b61,[no artist],special purpose artist
a0ef7e1d-44ff-4039-9435-7d5fefdeecc9,[theatre],musical
125ec42a-7229-4250-afc5-e057484327fe,[unknown],special purpose artist
c1708d03-8a66-46eb-848e-fe0d233ffb39,A Boogie Wit da Hoodie,hip hop
f89aa182-ceec-4ef7-a96d-eb47a9fe6b15,A$AP Ant,hip hop
938bbcc7-3c04-4209-85fb-fa8b3dcd2672,A$AP Mob,hip hop
920fcaa0-a167-4cef-92c8-88c1724f6adc,A$AP Nast,hip hop
95f35260-5f18-4185-9926-9a4d191d737d,A$AP Twelvyy,hip hop
dc3d915a-6856-49aa-b5aa-e91cfbcb70fc,A$AP Yams,hip hop
020d89c7-92d3-491a-a4b1-f1c81045e0b1,A1,
9b7567f7-92a7-4ee4-8fcf-c5f44c16e5b0,A3,hip hop
bcb31fac-a9ee-49ab-bbfe-36b4a4898128,A7S,vocal house
bc85da58-52d9-457d-ae8d-5d8d4ec870a9,Aaliyah,pop
51480efb-34c3-4cdf-8d74-24bc2e9170f6,Aaman Ali Bangash,
86034d1d-f66e-426d-ad52-ca5511a9b428,Aaron Lewis,country
417beb52-b012-4a8f-9064-537d97522ce6,Aaron Shaw,experimental
71da9607-7855-4a47-960d-839b1cc4a408,Aaryn Doyle,
dce5bea6-5a72-4338-9ada-2b65151737b7,Abel the Kid,
f94ef716-56f4-43d7-b7c9-2f0f5ddbdb70,Above the Law,hip hop
30ef765d-f7bb-4e7e-8972-13be03aa4f2c,Absolutely,
acc12019-10e3-40aa-b4bf-66fbb4a692af,Ab‐Soul,hip hop
986ee464-cf8a-4e59-a71f-74756102067f,Ace Hood,hip hop
dbd1b11b-0ab2-4afd-8264-c2909237b6fb,Aceyalone,hip hop
031bc934-28c9-491a-8648-c078450187dc,Action Bronson,hip hop
32812b1f-c62e-4625-be28-812c190e5219,Adam Cohen,rock
e942594a-91cc-427a-8beb-6815c28e9254,Adam Lambert,pop
a1421d73-1a21-484b-97ad-77c9a5676daf,Adam Levine,pop
73c6928c-cc12-4708-b753-46da476fe41a,Adam Longlands,
870549f3-6266-496f-a019-5762aadb713c,Adam Port,
239c8eea-895e-4b6f-bfd5-3e51a61230df,Adassa,latin
399ae9ed-1817-41f7-bb8e-6f952f1ee935,Ade Omotayo,
a3ee920f-4e7f-4993-8aca-4b8538cfaa4a,Afrojack,house
5cc35970-eb45-4621-816a-ea3e65de782f,AG Cubano,
733b1da2-d8b6-458c-98c3-dd04c12280f1,Agoff,
15122bd0-ca47-4e33-8997-27255f5397ac,AI,contemporary r&b
8870ec41-3a85-4461-86bf-e2012307b30e,Aino Jawo,
57dd4661-9f78-4442-8836-482fab983008,Aitch,grime
f8df5456-b4cd-447e-93eb-2162ea7d2b33,Ajay Prasanna,
b5ca2d41-1af4-4e4b-91e9-f37532901819,Akbar V,
1138a764-2212-4d0a-b02d-0dc14df91e08,Akon,hip hop
eebdcbef-3f1f-4cf4-8b7d-be7182bfb708,Akshay Kumar,
b0e4bc50-3062-4d31-afad-def6a6b7a8e9,Alan Walker,electronic
673efe4a-cfda-4014-9b8c-a3fafff7ff21,Alberto Stylee,latin
8a68490f-415b-4bfb-8e19-9a6b1779639a,Alek Sandar,
540be8b5-41ec-4d43-a0bb-72436d5bfd78,Alemán,hip hop
52b87299-e6c1-461e-b3b7-d887f5a35682,Alessandro Safina,opera
97e69730-3791-423b-9770-287261588854,Alessia Cara,pop
addb00fd-733c-4223-8fdf-f78be2488acd,Alesso,progressive house
8adad0ba-68b3-40d2-853a-1e17604cec12,Alex Gárgolas,latin
233157b4-52b9-46ec-b9af-2e2f786afc8a,Alex Newman,
595fddb6-5c21-4f6a-91c8-7d3cd0208a1f,Alex Rose,dembow
de1c6c0b-3473-4af6-80d6-49b11687d453,Alexio,reggaeton
a99cb56b-5be3-483d-9ade-3dc9922b3cd3,Alexis Farshi,
288414bb-2cfc-4ce8-a221-7505071d1b4d,Alexis Jordan,
7fedfdaf-4146-4996-9e2a-a7e39080c329,Alina Baraz,alternative r&b
62162215-b023-4f0e-84bd-1e9412d5b32c,All Time Low,pop punk
a3653ff3-fd54-4883-93bb-1f8e08a735a6,Alley Boy,
7ca26727-4c4d-4211-a8c3-6461f591d9f2,Almighty,latin trap
311dc522-c8c6-4114-9b6c-3ed0ed41316f,Alok,dance
996fc8b5-e1c3-4113-9073-26e5f9a012bf,Alonestar,
f7999e87-9c18-4da8-9b99-31d02df4e4d8,Alori Joh,
792c0ec2-3255-4224-874e-f8482367e30f,Alpha Dream,
de72e87f-30bf-4a99-9715-a24abad31464,Alus,
2d4f683a-5965-4b64-baee-2681823dd1a1,Alyson Stoner,pop
de5e2133-1553-43f5-987f-3bbd03dde1c1,Alyssa Reid,
29fab96f-c3a2-4251-80f6-7ccda50da706,Amaarae,afrobeats
6875d5ba-d700-4e2e-8a9f-ec049dbea6c3,Amba Shepherd,electro house
edf4954c-019c-4b09-ba81-c56ec3d859f9,Amber Coffman,
404cc75b-cf7a-45a5-b708-aaccaa18a5f3,Amber Petty,
ce52a82d-219f-42b6-88b3-b69244c4752e,Amenazzy,latin
7740488b-2d31-422b-8764-1b39ba4e0f08,Amerigo Gazaway,hip hop
428e927a-e69e-43c4-acaf-c69b632a01da,AMG,hip hop
0e455850-74bd-4129-b95e-80c30b0d3297,Amir,
db3bc984-f5f8-4a3e-9371-036c35fb0807,Amx,
f40fb1a6-f1ff-4819-b9f1-8629fb4f36f6,Amy Millan,
d3b2bec4-b70e-460e-b433-a865ceac2de8,Anastacia,pop rock
d02dd67e-f655-4600-bc47-f789f59e7367,Anderson .Paak,r&b
c5a0a216-c33c-42dc-92b8-4b60236f8dad,Andrea Bocelli,classical
b74bec07-b1fd-4921-98dc-09d00885b6e4,Andres Williams,
420b9ee7-4cf3-4a47-bc54-75ecafb72a62,Andrew Hollander,
00136dd9-1047-4999-af1f-d709c5fa09f9,Andrew Watt,producer
14ced464-fd2f-4140-8fc6-c433bdd1c874,Andris Nelsons,classical
f563a1a9-069b-41ed-8b3b-e1b1a6f5b34b,André 3000,hip hop
32f93bdd-2673-4711-ae86-9e9f495486a8,Andy Boy,reggaeton
ec853694-30a1-4c7e-84e6-4ca87ee3c314,Andy C,drum and bass
d33b1bfa-d9e4-4543-b022-6b3fc87b1634,Andy Rivera,latin
77ba435f-11b2-4428-b87a-6cf1f84e9dba,Angel Demar,
dcd4701d-64ec-443d-bfbf-73fc87c44bd6,Angèle,pop
8882d694-77a8-4113-8525-f3436e21ea9f,Anika Noni Rose,
bbb5cd3a-551a-4a41-ade3-734d84ff3495,Anise K,
d606b860-cc03-4959-a3fd-3a24bccf2560,Anitta,funk
5c3dffd4-dc80-4331-a98e-101046d6b747,Anna Kendrick,actress
0ba4395d-105c-463b-a645-428fc876eb4c,Anna Maria Perez de Taglé,
4d7db1c4-3c00-4140-8c83-c6d99cfdecf4,Anna of the North,pop
631bec89-aed9-4fb7-995c-10f067e2606d,Anna Sofia,
21dce87c-0f36-4c81-abbf-e7d2c152d65f,Anna Wise,
e3d5b5ec-101a-4529-9f2d-01dca64cf44e,Anne‐Marie,dance-pop
e5e2b166-f480-4ee2-a77f-2faa4dfae71b,Anonimus,latin
40ee8fa3-c6d7-4556-b4e2-9f4114565043,Anoushka Shankar,indian classical
181848cb-f8ed-40c4-9acc-d74f115983c6,Anstam,
74d6a4f2-d466-4429-bcc8-a8ba930d874e,Ant Banks,hip hop
0843b9d2-da32-406b-8c31-2ac4a18e42a8,Ant Clemons,contemporary r&b
af7f5e8e-ac05-4d55-b860-a4dc72c78e66,Anthony Hamilton,contemporary r&b
a08a7932-c092-425b-a6cd-0b69e9176462,Anthony Ramos,
73e0d6aa-10cd-4646-b189-fc907f671445,Antonio Faraò,jazz
fef0e932-c8bc-4ba9-8a37-52aed5b0a633,Antony Santos,bachata
42012890-61a5-4c58-a97b-b93ef26effd3,Antwon,
87a75fc3-59e7-4598-925c-8e230bce5db9,Anuel AA,latin
54e965b5-235e-415f-bf0c-3bef104bacc5,Apache,
a1ed5e33-22ff-4e7d-a457-42f4309e135f,Aqua,europop
0e34ee8b-ac1f-4c95-aba7-856cca40ffb2,Arash,dance-pop
592d89bd-9f41-4bd4-9c80-0b1c825228fe,Arcángel & De La Ghetto,reggaeton
6fe9125b-bd80-4704-9084-56bc7e07e48f,Ari Lennox,r&b
5882e375-503f-4bd2-89b1-967e0bfcb199,Ariel Pink,lo-fi
471153fe-e4a0-47d6-9ba8-b9b227ba0f66,Arlissa,
b09b5127-c62e-4bb2-b790-1e4aa18749ed,Armand van Helden,house
477b8c0c-c5fc-4ad2-b5b2-191f0bf2a9df,Armin van Buuren,trance
95eefd18-8b94-4e14-9283-d31892ca6624,Arrow Benjamin,
4f1871b5-384d-42e1-8780-256bc072e789,Ash Riser,
a47ed6d5-480e-428c-8ce9-d7a6a571e857,Ashanti,r&b
cf7f0967-1a79-44ea-9435-2f1afad4dce5,Asher Monroe,
02ad42aa-ae57-4e35-b4b6-8e6697df6edb,Ashtrobot,
439f006d-2d8f-41d9-a2f1-b9990158d02c,Assassin’s Creed,
9e299bee-d7e2-49f3-8cd7-d6b28ab204d1,Atoms for Peace,electronic
7b5c9a78-5b21-4d58-9484-77d16619c96b,Audio Push,hip hop
7c24178a-8658-4e7f-889f-82013f8fd3f6,August Alsina,contemporary r&b
6ed53c03-7d8a-40a3-9909-87aa69d2e1d1,Austin Feinstein,
b69b9854-f568-4a50-b076-309c459946a8,Austin Mahone,pop
5786603e-4204-4836-b359-4e2ec1717015,Austin San,
410c9baf-5469-44f6-9852-826524b80c61,Autechre,idm
1aa9710b-413d-49ec-91b3-3ef403bf581f,AVAION,dance
c1112a36-eae0-4a04-a0b8-92553e70d14d,Average Joe,
c85cfd6b-b1e9-4a50-bd55-eb725f04f7d5,Avicii,progressive house
db4da9ba-c52b-4df9-876f-7c6db3582256,Axl Rose,rock
efd26416-1a29-4d67-ab5e-4f5704746851,Ayaan Ali Bangash,
3813a063-9d78-435e-afde-e996053dcc65,Ayah Marar,
0d8117e6-f3f6-4a2d-aaa1-2c4d02b4af49,Aygün Kazımova,pop
0506bf37-90d7-4654-9585-b4800dc945d5,AZ,hip hop
edfe284c-3d75-45aa-9eca-25e6cef83637,AzChike,hip hop
0c3505e7-d884-43cf-9028-d318607190a4,Azealia Banks,dance
a93a1778-5315-48d1-9f53-40538392ff59,Azjah,
a1c40f0c-ff6c-486e-b1b4-634bfdd75b62,Azure,
c1aef98c-76f3-41db-80b2-5ff42f1c7ef1,A‐Roma,
3935c835-229d-42dc-a198-2ed516e5b446,A‐Team,
47ea59b7-81c2-4001-8ac3-567877b3172a,A‐Trak,hip hop
48417062-1aab-4761-bed3-fd24158a9a4f,B Slade,
435837d0-9896-48f1-a80f-66579628ca06,B.G.,hip hop
94c338ff-1985-4429-9dc8-997b61bb5932,B.o.B,hip hop
92caf313-a918-472d-9feb-50ac01e910d0,Babu,hip hop
81d12ca7-5b89-4d21-8736-860b7400b4eb,Baby Keem,hip hop
91168051-1078-4896-a385-38f7e08c5758,Baby Money,
a5a37b5f-4928-4216-83f1-a8d24d9818b3,Baby Ranks,latin
0a81ff99-c783-4605-b338-863c182460ff,Baby Rasta,latin
379ec45a-d863-44b0-96be-47d19dd224c0,Baby Rasta & Gringo,reggaeton
8086c68d-e9b6-412a-9229-dee05a1a901d,Baby S,
cb393bcb-c5f3-4c04-b134-744d17c67cc2,BabyDrill,
d82481ab-4f2e-4fd7-af2f-9dbaa38704da,Babyface Ray,detroit trap
99e5ff38-fdf0-45b0-b411-f8de1cb1346f,Baby‐E,
2f569e60-0a1b-4fb9-95a4-3dc1525d1aad,Backstreet Boys,pop
fdc1e207-70a4-4fea-a0f2-da44d42de64b,Bad Ass,
428bdc7a-373c-4cd0-b3a7-1cec7ce868bf,Bad Azz,hip hop
89aa5ecb-59ad-46f5-b3eb-2d424e941f19,Bad Bunny,reggaeton
ec198d4b-f446-4821-ac3d-37d37b7449ce,Bad Lucc,
87f27b14-cbd0-44ea-93a3-6fead5cb45e7,Bad Meets Evil,hip hop
754294d5-d7d2-4ea2-8184-1dcaaf55a56f,BADBADNOTGOOD,hip hop
20543896-ec2c-48c4-b6b2-507c6cbe9918,Bailey Zimmerman,contemporary country
259dee1b-1213-4774-863d-f78223214806,Ball Greezy,
2d0ff034-bf75-4459-93be-d2076b0d6751,Bangladesh,
3d2042dd-3ccf-4ca0-87f5-dc367c187060,Bankroll Freddie,hip hop
be2f1034-a0e7-48e8-aca1-1003ce60fb7e,Bantu,
79708fc2-d3ae-4a1f-9514-3e49e8c056b6,Barbara Lewis,pop-soul
39f8268a-6149-440d-8056-d8268d8d6a13,Barrie‐James,
8ddf3da1-dfa9-490a-93cc-7d4072319995,Barrington Levy,dancehall
b02e4ca5-312a-4d2e-b087-30db9d5ec579,Barry Gibb,pop
3ba54400-4c97-450f-b108-bcd90b9b2b76,Bas,hip hop
52e52edb-5c7a-4d3d-882c-794a6e24060e,Bass Santana,
7808accb-6395-4b25-858c-678bbb73896b,Bastille,pop rock
e45db809-9fb2-489a-9e54-e51487b1a2c7,Battle Locco,
edf81f9b-d3f0-4d57-9636-d08e851b1640,Bazzi,pop
5b13c665-88eb-4e80-9a06-218a660fcf6b,BBC Symphony Orchestra,classical
08869348-f834-4070-b10e-8b863cf630ca,BBG Baby Joe,
b544133a-b262-451e-84b6-7bea2e61ce60,Beanie Sigel,hip hop
94ad436a-5854-482a-ac12-3c3af3a59ccb,Beat Frequency,
21a66c10-b4e2-4e87-89b6-f56bf46c990b,Beau Nox,
db8fad3a-e131-47a1-8782-c2ee93708cdd,Bebe Rexha,pop
309c62ba-7a22-4277-9f67-4a162526d18a,Beck,alternative rock
bf0f7e29-dfe1-416c-b5c6-f9ebc19ea810,Bee Gees,disco
b6d6c736-1b5d-444c-91fd-fed6d6832803,Bella Blue,
7e302507-6b78-4f3b-9c4c-e3b85580fad0,Belly,hip hop
05db443b-59c8-4596-a96b-4e7561fb5300,Ben Graham,
674bf89f-8e70-4472-929d-6b4ed6f98c88,Benny Benassi,electro house
5a6131f9-f8db-4722-b4d7-6a0c7183c590,benny blanco,pop
8ffb6b8e-3933-4f93-b315-8f5293b1b350,Benny the Butcher,hip hop
40f7afc3-44a8-4109-810a-738fbed49cb5,Benza,
c2108a56-8cfe-4930-84c3-0be018e6e7f6,Benzino,hip hop
9b9bd06b-58cf-4867-90c8-d2332e7ff5f7,Berner,gangsta rap
9a0d0b2d-a727-44a6-a172-53766f186834,Bernie Taupin,rock
c7e4e51b-df22-4ff3-9bb3-3a56d801e5be,Beverly Glenn‐Copeland,ambient
6fc93ecb-1b6f-4413-b674-7e8fd4ea19e6,BEXEY,
575ca0a7-c35a-4bd3-bbfc-044007922216,Beéle,latin
2c3ddff8-0de5-412a-8f0c-8925f84d5a9a,BIA,east coast hip hop
9c76170f-0d77-4aa3-b3c9-52f1ce07b9ec,Big & Rich,country
00a3eec9-fd81-48bb-b1ee-d61c6797d8e4,Big Ali,crunk
615fb10c-82e5-4b21-bce5-9e8f099aca0e,Big Bank Black,
9724aa19-fdf9-49d0-9f9d-944e462e2a5c,Big Boi,hip hop
8e75d270-4d53-4a4a-bc14-e3ace37ebd4e,Big Daddy Kane,hip hop
7e966957-9b0b-4e19-b8a0-4206535d8052,Big K.R.I.T.,hip hop
f1c0d18c-6101-4aa2-ae47-8df5b7280fde,Big L,hip hop
27d5e639-aa98-409e-a8c4-755cd43b305a,Big Narstie,grime
8c1b89d2-8d6c-4780-be0b-eed89b912d33,Big Pimpin’ DeLemond,hip hop
f3e28e17-a2e1-4d73-9d9e-323bbc4baa33,Big Pokey,hip hop
c7c8ca6b-cbb7-404d-8402-c456f4ee44ac,Big Prodeje,hip hop
609e7afd-3552-4102-9501-7611858ea320,Big Pun,hip hop
6757d72a-3ac9-4ccb-b69b-39f691477180,Big Red Machine,experimental
e7f0bd46-bbd8-4082-af04-2d053db7aed9,Big Rube,
5570be24-5c07-42aa-ad7f-385768de2aa4,Big Scoob,
73be9cf0-2b02-4a4c-9e2b-8f4b402ca72c,Big Syke,hip hop
94785e0f-81be-4360-a9e1-a00df5dc8bc6,Big Time Rush,teen pop
28658c41-ae08-45dc-b593-42d393df1381,Big Tray Deee,hip hop
430a451b-4e32-456d-ab29-4389c322ca45,Big Walter Horton,blues
015942b6-4c6e-44ba-aec5-c8de686b07a6,Bigg Limn,
b7ec073a-6401-4dfc-8b61-886cd166629f,Bigg Steele,
afbd8cb9-5d93-4260-bb7c-c746231b556a,BigWalkDog,trap
260097c7-d628-4a3f-966f-956ea430c0d8,Bilal,neo soul
2c63ab97-9552-4916-b4d2-c2ac11a2a51e,Bill Murray,spoken word
aa826c32-185e-48ab-b3d7-77bc1c41e322,Billy Cook,
64b94289-9474-4d43-8c93-918ccc1920d1,Billy Joel,piano rock
63e8d6f9-e247-45c9-aaf2-e079cddbdd54,Billy Ray Cyrus,country
640db492-34c4-47df-be14-96e2cd4b9fe4,Billy Strings,bluegrass
9f462d00-d624-47cd-83a7-6772ffee7698,Bino Rideaux,hip hop
dcf5807c-ef1f-4291-b452-6824080ecac4,Birdman,hip hop
c899d283-63ce-426a-b639-8e2703e02d57,Birds of a Feather,
b39cee8e-d6da-476a-a229-c6a46bf99ad5,Bishop Lamont,hip hop
3b6abaef-febf-4cfe-943f-6a20cf0afdad,Bizarrap,trap latino
2ddb0e05-e6b2-4c6b-b2d4-08a20c1a0d1d,Bizarre,hip hop
af308783-61fb-492b-9c37-a8cf48f2f064,Bizzy Bone,hip hop
112beffb-1adc-488b-8d61-7b2ab3475d52,BJ the Chicago Kid,contemporary r&b
87c5dedd-371d-4a53-9f7f-80522fb7f3cb,Björk,experimental
d952658a-d6cd-4f93-ab80-4776a958e3e7,Blac Youngsta,hip hop
d5be5333-4171-427e-8e12-732087c6b78e,Black Eyed Peas,hip hop
5dd0d6cb-1e19-4eac-99f3-b2d2aed1d39b,Black Hef,
6fc5c0c6-bf05-4b29-bda0-5fa6cc863785,Black Hippy,hip hop
5f39d33c-a167-4a63-9c44-71d27618b712,Black Thought,hip hop
24c92f9a-ba6b-42d7-b21b-17260b887d29,Black Ty,
e07d9474-00ea-4460-ac27-88b46b3d976e,blackbear,hip hop
48646387-1664-4c9a-9139-9bfd091b823c,BLACKPINK,k-pop
d72d000b-b860-44f4-9ac1-5d82e3fff9a9,Blackstreet,contemporary r&b
2ad66473-ccb3-41d2-8756-b56680cdfe62,Blake Shelton,country
58e235fc-f6ea-4614-9ed4-9855a5665ae1,Bleachers,alternative rock
77ad266b-a3f4-4014-bc9e-ea8461d80632,BLEU,hip hop
3d254f1e-7d18-431b-baeb-68e57695dfdb,Blood Orange,baroque pop
2257af61-17b8-41c8-9acd-2584bb1c3bbd,Blood Type,
6615b2ed-ad03-43fc-98d2-9a14242a04d9,Bloody Jay,
dc1610f0-2838-46cb-98d7-9b6b073a7408,Blu,hip hop
f28cabfc-3cf5-4886-b832-36ab708fbb0a,Blu Cantrell,soul
9c79224c-70cd-4367-8d90-35ca99401b75,Blue,pop
159ed9dd-c41a-4552-9197-296eae04c6d7,Blue Ivy Carter,
664bd251-a22c-4ab9-a4f7-25da4b14f9fc,Blueface,gangsta rap
6737dbd4-6efc-4cd5-9a17-477d78aefe34,Blush,
41ca19c2-935f-4647-9ef5-26f81291a9aa,Blxst,contemporary r&b
1215101f-e9b1-4e3c-bf0a-69d90b6b6107,BO,
4e19c265-29ac-499d-b49a-c19896369041,Bo Roc,hip hop
b16373b3-bae0-4926-bb17-1d68c4f7b052,Bob Geldof,rock
7ce3d484-d681-437c-8d33-913261d0ad51,Bob Moses,
f9ab44f1-7b19-4ecb-830c-403abcf36cd1,Bob Sinclar,electro house
afcc3fec-2d7e-485b-9fbd-259d9958344c,Boba Fettt,hip hop
ed01d084-4dc0-43c5-9a6f-6183d55a8a73,Bobby Anthony,
6a17bbab-39e8-452b-8431-73a92104abc8,Bobby Brooks,
fd381a2c-f9e5-4138-815b-24486d3888cc,Bobby Creekwater,
4ec3b7d8-efbb-4672-8067-5e72bd8dba3e,Bobby Shmurda,drill
de69e711-bc6b-49b2-a826-92006936ada4,Bobby V.,contemporary r&b
48e78462-2f0b-4a1a-9fa4-0585e2991e80,Bobby Womack,soul
437a0e49-c6ae-42f6-a6c1-84f25ed366bc,Bon Iver,indie folk
29e1ba07-f733-4e2e-8e57-590b44e53ac3,Bone Thugs,hip hop
2fa45bbb-0efb-4950-9d40-94bf23cbfec1,Bone Thugs‐n‐Harmony,hip hop
0aa8294b-6332-4b65-b677-e3a1f8591d3b,Bonnie Tyler,rock
7f347782-eb14-40c3-98e2-17b6e1bfe56c,Bono,classical
1fbbe6ea-9550-45dd-be82-a49b091e67d4,Boo,
9ecaf8f0-ea7c-429b-b2b4-7929c283f53a,Boo Rossini,hip hop
785c0e9c-89f6-4bf4-8296-443a46632d62,Booba,gangsta rap
8ba17cf6-bec2-4ae4-9820-b1cda47adc08,Boosie Badazz,hip hop
e0ce8537-652f-4d99-9e58-2b64bffff773,Boot Camp Clik,hip hop
fb86fedf-8a52-4ada-baa0-1c52bd0cbfa9,Bootie Brown,hip hop
b0ca0d85-24a8-4a00-860d-357ff688b69c,Bootsy Collins,funk
215e2b5d-06f8-4c68-b33b-8fccec27a077,Borgore,dubstep
44fac0de-d5ae-4bea-a68c-948fedc3d9c5,BossMan Dlow,hip hop
6ed6a493-0300-428d-82da-91c62b4d50aa,Boston Symphony Orchestra,classical
42c7542e-71d1-488a-ba2f-9a368c9147f2,Bounty Killer,dancehall
6fd44ae7-097d-4979-94ba-5dfc40d9f7ad,Bow Wow,hip hop
1a207ab6-bdae-4ab6-8d71-da05551abe54,Boy Fruit,
0e517f4b-6d89-48f0-8a11-16416bd0fdcb,Boyce Avenue,alternative rock
d6e65033-b56a-49df-8744-6fc3ffd75edd,Boys Like Girls,pop punk
d2f4a968-1f6e-4a4a-9376-ee2b2a50c87a,Boys Noize,electro
5523ed49-38bc-44fa-8670-2a9c354de0b1,Boyzone,pop
d686f794-7fc3-48f4-b381-ea1f979b6e1a,Brad Buxer,
cbe7746f-d4b4-4f0d-a435-1aa181d97b1b,Bradley Cooper,pop
baf05baf-69fb-47dd-93c2-033536b8c385,Brandi Carlile,country
d1ebb6e3-9bab-4f62-bb81-e4c72cd59040,Brandon Beal,
74bad364-e07f-4377-b84c-40317d2977d0,brandUn DeShay,
01e60eba-52df-4694-8f09-39f43abe54e9,Brandy,pop
d8df27e9-03a9-41d6-9e81-f9f5dd3abe9a,Breanne Düren,
c1f947d2-22d8-4332-9154-a47ef1cf840f,Brenden Gunnell,
fa9b664a-cfd0-4088-8ed4-a4d7045d351f,Brendon Urie,pop rock
201412c6-7ced-472b-87a9-9259ec3c07d3,Brent Faiyaz,r&b
d09f4ce3-fa58-44d7-85c7-1de004e6547e,Brent Jones and The Best Life Singers,
a42d2c52-e224-4903-8c6e-fffb2f682fb7,Brett Anderson,alternative rock
634fe78e-fc6b-4b2a-ba83-c8c66e13a8aa,Brian Wilson,rock
e9903eaf-4391-4ebd-a07d-8424883f335d,Bridge,
c86c57a7-8030-4e70-a716-e4da292cb0cd,Bridget Kelly,contemporary r&b
c461d106-4ca8-4c97-af55-df276d7a6d2d,Brighi,
05414233-d492-44a4-8794-c92cd8cb8ef0,Bright Light Bright Light,queer
074e3847-f67f-49f9-81f1-8c8cea147e8e,Bring Me the Horizon,metalcore
eac5473f-1bd6-40cd-bd0e-2fe0f4a07d84,Brinx Billions,
9e3aaadb-3a96-4a0b-9f12-d114eb69f68c,Brisco,
03eda2c4-a2b3-4a4e-9527-6791b0ed9d2d,Brittany Howard,alternative rock
655a8d6f-0a29-43f6-8843-7b4b400db20f,Brodsky Quartet,string quartet
e709b97a-d2e7-47ac-bddd-639bf387ddb9,Brooklyn,hip hop
f1fa0780-a922-4f0f-b43e-30331b520238,Brotha Lynch Hung,hip hop
7cc8802d-0c05-4f78-ad35-421fea79dd0c,Brray,latin
ac4db70b-9b38-4f8a-948b-993d67926042,Bruce Roberts,
70248960-cb53-4ea4-943a-edb18f7d336f,Bruce Springsteen,rock
89fe777e-8d33-411d-9fe9-027f67c1e8f1,Bryant Myers,reggaeton
d8fd8d9b-473b-4f06-83c8-869b1bb9de89,Bryson Tiller,contemporary r&b
86e4ae25-f45b-4c52-904d-94c0004f907e,Brytiago,latin
15550c23-10ce-42e0-961d-2a9c801ebd1f,Bslime,hip hop
0d79fe8e-ba27-4859-bb8c-2f255f346853,BTS,k-pop
28438dd9-6244-4627-aa42-f9749c4fde08,Bubba Sparxxx,hip hop
712c2bea-72b3-4ee0-918a-d5757b7b36be,Buckshot,hip hop
4336a134-d091-4e54-9967-c7c433db6d4e,Buddy Guy,blues
b03661ad-1493-4ae1-b004-bc5e9691ee6c,BullySongs,
c1f5d7c6-1bce-45f1-bb80-f9c74bb9c740,Bun B,hip hop
070d3e4b-8559-4fd4-af63-4535ed1f69c9,BUNT.,dance
78a19169-ac75-4868-b504-7e2e073118e0,Burna Boy,afrobeats
16dad944-c492-43dd-88ed-e0b7ac520c40,Burning Spear,reggae
df9c5e32-c086-4a91-9830-46bbe972908e,BURNS,
c4a02c5c-a1d8-45d7-9e12-4a355b201a7b,Bushwick Bill,
4326c1e5-ab65-4fcd-a071-22f03ac9e97f,Butch Cassidy,hip hop
5fe03761-5f6e-4c68-a323-1b13af371666,ButeraMoonlight,
b2befbb4-c585-4b05-8efa-3deebc8e1385,BØRNS,
043e6ca3-b049-4e6a-bebc-dc74f6c5cdf8,bülow,indie pop
2562d27a-a14f-436d-873e-709ed895eff8,Bēkon,
c1b14c53-233b-488d-bee7-b9fc2b28e972,B‐Legit,hip hop
9c8b5123-d994-4c0c-85c0-465636ae241e,B‐Real,hip hop
f93e1a2a-049f-450d-a948-5d0fdd3c3a88,C-San,
04004648-cb99-4539-a346-5de777d7290e,C-Tru,
032a0fd9-4ad3-46f2-b097-a68331334feb,Ca$his,hip hop
2d17c7f2-021c-442d-be17-ab0067eacdac,Cal Scruby,hip hop
2d4a0012-7364-40e5-b57f-ad2d4f51a30a,Calboy,drill
58a20701-2bc4-41a6-b5df-6251b48facce,Cam Maclean,
ea6b7199-901d-4c0e-8242-6d7bc2bf62b7,Cam’ron,hip hop
0c41810f-d809-45ac-9373-a073dde2156e,Candice Pillay,
add687fe-35ab-4293-a218-6a656020ded4,Candy 187,
c805166e-8c18-4c08-abbc-452725cec200,Candy Hill,
9bdbffbe-c159-4344-bada-78c9d4d76b26,Cano & Valence,
49df7f2d-77b0-4a1a-b5e5-9da32f7dab45,Capella Grey,r&b
e33755fb-961d-452d-a944-705130436d67,Carl Thomas,hip hop
1fa6fdda-cd59-4ef3-9acd-606aa82407c0,Carlitos Way,latin
09887aa7-226e-4ecc-9a0c-02d2ae5777e1,Carly Rae Jepsen,pop
da9bd8dc-b9e7-4231-8545-aeab88b67187,Carnage,festival trap
2d301d94-309e-407a-80de-e995b83df715,Carolina Marquez,
0374a8d1-3b68-4b53-b003-fa8a24fb4397,Caroline Hjelt,
25fb5031-e8ed-419a-979b-38f832d3167c,Casanova,
67c6a1f0-7910-4c52-a651-2b7ec819e647,Casey Veggies,hip hop
4f57372b-2054-4722-a534-a99ab2598120,Cash Cobain,
8fbcd70f-bf1e-4624-b94a-fcff6b0c637e,Cashmere Cat,alternative r&b
2d148880-673e-4dc2-aa12-a494d7f8c183,Casino,
1f320089-1f65-4855-88e2-878a5dc056ec,Casper Mágico,latin
32090ac9-6e46-47c5-b9ce-69c504a4a7bc,Cassidy,hip hop
4a8ac23a-e27a-44db-814a-f8c31beb68e6,Cassie,hip hop rnb and dance hall
a311903e-7f66-448e-af44-c1266840a906,Cat Burns,indie pop
05755bf1-380c-487f-983f-d1a02401fa28,Cat Power,indie rock
c9073012-4547-4a72-8963-738d9f8503cc,Cedric Gervais,edm
d5615993-1219-4ef2-812c-c4d0e7824224,Celly Cel,hip hop
b0337af1-8d93-4671-b6c9-ba306bf942bf,Central Cee,hip hop
871c27c9-2121-4eb9-a072-e36a0e367642,Chali 2na,hip hop
4fbc55bb-61be-4eb7-b4b4-c08c68b4e060,Chamillionaire,hip hop
373a4c98-a46b-48e4-86ec-f6ca65b4f438,Chance the Rapper,hip hop
276a1962-21bf-474d-bf5a-b53815bb4629,Chaos Kid,
e8d68276-6a87-4414-bf76-7d6068086e77,Charis Henry,
8bef526c-9e79-4722-94b1-3bf9b02d0e9a,Charlee,
5f264b87-d5f6-487d-aa3e-ae4c5f0c6fc9,Charles Aznavour,cabaret
260b6184-8828-48eb-945c-bc4cb6fc34ca,Charli xcx,electropop
31c159e8-bac3-4e4b-aa1e-4f4d269b9eee,Charlie Bereal,
94bb5cb8-36f8-4ce0-ab61-87c14ac88b4a,Charlie Murphy,
21e10a1d-80ef-44c8-b5be-66eef17e66ef,Charlie Sheen,
b2d7c5e9-0e74-45e9-99a2-de24c19ee014,Charlie Wilson,soul
fd1bc90e-69c6-47dc-a266-35a768c2a426,Charlotte Devaney,
fd9ae276-af7a-4ca1-ba33-02696ece031d,Chase B,
05e293d2-9ba9-47c3-9c71-5fe7b9a0be13,Chaz Bundick,
7eb3193a-b9dc-4766-b082-3deb4cc46f6e,Chaz Gotti,
8b579b9a-84ef-4975-884f-19e988cfc181,Cheat Codes,edm
06af9570-10f0-4652-8d61-a6dd5fb31dae,Cheka,latin
60e7a87a-2a15-42cb-831a-fd699a8d9863,Chencho Corleone,reggaeton
48fbfb0b-92ee-45eb-99c2-0bde4c05962e,Cher Lloyd,pop
b6109f14-dfd6-4a55-8fb5-c4dda99096e6,Chewy Loc,
7b23e000-66dc-49cc-894f-8c0ad940765f,Cheyenne Giles,
9118f524-be76-4eaf-875c-ccf15e2a2ad6,Chief Keef,chicago drill
bc54e3dd-4519-4886-9b82-845cbcd674d5,Chill Rob G,boom bap
cfee94ea-e2c6-4f02-991c-cb3bc54b8ab5,Chill Will,
012fd9c9-1e34-4dc2-a8b8-da1136786771,Chimamanda Ngozi Adichie,
4fabb4a9-18c1-45ca-98cd-e2511b0d8edd,Chinx,hip hop
8ec6bf47-d22f-4a2f-b930-0f7feb10ea3f,Chip,grime
80c69d16-ccfe-4ee9-b02a-1aaba5db26d1,Chip tha Ripper,
e3645792-a5e8-4818-be43-5ac4c1e18c1f,Chlöe,contemporary r&b
82297b90-705c-4bb5-81b7-88d83fd1d0b4,ChocQuibTown,hip hop
918e77fc-f42b-4fa2-a8c0-4e7720e4e724,Chris Jedi,latin
c3fd5da4-8001-4662-a64d-e1f64a4cabaa,Chris Lebron,
6ea6c03b-c77b-4cb6-8c73-d50f6702f7ac,Chris Moyles,
71d58182-aa37-4c04-b21a-efe46ea0f221,Chris Stapleton,country
faeae0de-7304-4e51-aab4-41c3b0b8627e,Chris Starr,hip hop
b202beb7-99bd-47e7-8b72-195c8d72ebdd,Christina Aguilera,pop
78e98e0e-f873-4e5e-b4b7-88b7293fd713,Christina Milian,pop
79e5aaac-5804-4834-95c8-beb5d580982d,Christopher Mintz‐Plasse,
ed0a2658-7b9a-4017-9280-5eb1f5bc7663,Chrome,
647221d0-f6b1-4e03-924c-c59b8059536f,Chromeo,funktronica
05fa51bc-0b56-4af9-a702-0665ebb23921,Chubbie Baby,
88633ac3-c8e2-420f-8415-77ac56b3105f,Chuck D,hip hop
7cbc26a8-06f5-4064-b7db-cb9c6a81aaf2,Chuck Inglish,hip hop
6a93afbb-257f-4166-b389-9f2a1e5c5df8,CHVRCHES,synth-pop
cc394caa-2235-479f-8094-50014e0cd64e,CHXPO,trap
3d50191b-820c-4f6f-b25a-bc12d63e6718,Chyno Nyno,hip hop
03172286-f7ed-4864-a4db-459cd5ca9790,Ciara,r&b
8b07bb3d-aff5-4ce5-9f41-2872bc79320f,Cinderella,hard rock
bf850027-1cc0-4519-8ee6-a08b492a4867,City Girls,hip hop
772a0eb3-fe31-4a08-b583-690296f44900,Clams Casino,alternative r&b
dacc2d64-7e59-42a8-87a9-10c53919aff2,Clean Bandit,electronic
75ee1764-490f-49bd-b6d6-054623354931,Clementine Douglas,
fbae8e8b-03cd-471f-9a1d-82349fbe41ba,Clever,trap
e6424fa5-08d3-41c6-96f3-8549f733708c,Clipse,coke rap
aa88ebf6-feb3-4565-8d83-114b0ca75380,Clyde Carson,
c2258df3-cfce-4dec-a721-33ca87c1be8f,CNCO,latin pop
7e320cac-596a-459e-a407-61dbe2816843,Coco O,
40884219-d7d3-49f4-a755-812fab4958aa,Cocoa Sarai,
7838e1c7-5216-44ac-a57b-7fbd89d802bf,Code Beat,
afa02917-17ce-439d-8e8d-09980d82d7cf,Cody Simpson,contemporary r&b
efc8a006-d0c6-4a9b-8cb1-91ca770fa2b9,Colbie Caillat,pop
d71c2b20-616a-4bb8-a848-e6edac412c3b,Colby O’Donis,contemporary r&b
933f0e55-05e4-4ee5-8b30-5d5e930ca836,Cold 187um,gangsta rap
f8aa8d19-4d91-4937-ada1-58582e5efb1c,Cold Hart,
ac190bb8-60cd-4b71-96af-0314391acc36,Colin Munroe,
aa266ac7-d919-4132-982e-76cbd95591a7,Collective Soul,alternative rock
1eae8bc4-3907-41fd-b313-886632c56ce9,Collie Buddz,dancehall
7cc56e56-97a1-4b17-874f-e4b2ab11044b,Conor Maynard,
a633ebb5-b81a-400f-b5df-0e625ea81fe9,Conway,hip hop
cb15675b-24a4-4092-8554-61f03b6017d8,Cookin’ Soul,hip hop
9823b3ca-1377-43a4-86d2-87e907a5973e,Coolie Pak,
cc30e630-8c75-4d78-b205-8e2edc6bdaa7,Coolio,hip hop
994a4bd6-584e-40c8-a8d7-5fdc3b6db8b2,Cordae,hip hop
10ae95fd-6e01-48ec-8108-d49fedcc259f,Cory Gunz,
2deb0058-8571-4f57-8470-1e63cdc9ef98,Cosculluela,reggaeton
18c9e1ac-840d-4d30-86a0-16b2f608b20f,Count Bass D,hip hop
2f254220-3fcc-4606-9b01-9d67413922ae,Courtney Pine,contemporary jazz
dc329a4a-1d76-469c-ba08-c9a28e69a866,Cozz,
807c83d0-318f-4b63-96d9-ab2cb420548c,CPO Boss Hogg,hip hop
8f7bf43e-2a13-431a-a274-19e28965fe07,Craig Armstrong,classical
ca29a34c-d6ed-44dc-98fc-7dd4c44507c4,Craig J. Snider,
60ef301c-bcd9-44b0-8450-20bc6852daf0,Craig Xen,
b5404b0a-2f16-4926-ac87-a7af655ec54e,Crush 40,hard rock
b2382779-cdd2-4223-afb0-d0f524409685,Crybaby Cereal,
c809b38a-80df-4188-b10c-c0deb6c90d0f,Crystal Rock,
fabcfdb5-e31a-4573-b791-4f9d85c6577d,Crzy,
70f4a699-88b5-444b-b1ea-5f1ccadc6b58,Cue,
4ce1c576-305a-4b82-82fa-5e5359056219,Curren$y,hip hop
c80363c4-6cf1-4f26-8c62-f4c10ae365f9,CurT@!n$,
6a9e461c-e3c5-4794-a203-98a15daea2df,Cyhi,
752bebd2-b44c-41bb-8a21-bdf3cd1b5518,Cynthia Erivo,soul
51508c1f-8d07-4a00-9cf1-26c570fe7b78,Cypress Hill,hip hop
0231c8cb-75f2-4f38-bfda-2f96f3abc26b,C‐Bo,hip hop
f334f831-33da-4533-8702-1182b362a73b,C‐Murder,gangsta rap
9b32eab4-d025-4132-b764-b4ef33bf1138,D Smoke,hip hop
e09dadf3-64ca-4005-8a58-22c2bbf4eea4,D. Lynch,
62141b8b-a802-4736-913e-c29f74d9ef5c,D.O.D,edm
d46d987e-49c8-4bd2-94ed-622cdb138da1,D.OZi,reggaeton
9ab19acf-06d9-4c92-bd5a-8c945488d45b,D12,hip hop
a02d08ff-40d6-4228-baa6-c32199dd41a8,D3 The Rocstar,
f545eed4-cd4c-40a3-89c0-edf4d195e52e,Da Brat,hip hop
ef233704-1ad0-4827-acd1-73a00e7c1903,Da Youngfellaz,
87ae83df-6173-40cc-a0f2-bad543faa6aa,DaBaby,hip hop
4ab8723e-5599-49e9-be35-e631f30060aa,Daddy V,
ecca82a9-0b5f-4b01-86aa-6b9fe62b09fe,Dadju,contemporary r&b
1b3a38d4-1ca0-4151-94d2-8fdd67f5adcd,Dae One,hip hop
056e4f3e-d505-4dad-8ec1-d04f521cbb56,Daft Punk,electronic
299f7958-15f5-4ca2-b4ed-222b169dd74e,Dalex,latin
bb19c7c7-e6f2-471b-bb59-7261a480396c,Daley,r&b
b949f472-8b87-4938-a973-fbf88bb47fbd,Damani Nkosi,
5fa4ff59-3de8-42dd-b0a0-869ec923c0df,Dame D.O.L.L.A.,hip hop
cbfb9bcd-c5a0-4d7c-865f-2c641c171e1c,Damian “Jr. Gong” Marley,reggae
33cf3954-10af-4dcb-985f-9420d1fa4168,Dan + Shay,country pop
b46e298d-d3a5-4695-a03e-63e8c523b23e,Daniel Caesar,contemporary r&b
535401f6-2fd0-4f3b-a58a-5dba94f915f6,Daniel Merriweather,2009
cf34ed84-a52f-46a1-b45a-096b1ba5e3a2,DaniLeigh,
630156f6-c7ea-4da4-bf82-560bba702538,Danny Boy,contemporary r&b
960afc67-9c21-46dd-9c7f-ff2b509e3150,Danny Brown,hardcore hip hop
28e6d28f-e134-476f-bcad-26051c27c9ba,Darell,reggaeton
42ba45d2-4938-4bf5-9121-5caffc719c4d,Daron Malakian,alternative metal
49b18e75-6d18-44be-b4d1-3696a7c3152f,Darryl Ross,
acd7df97-2986-44e8-81f1-08a5d4bf2a81,Dash Snow,
fa78a66a-eef6-4329-93be-c22ea0cc5c1b,Dave Doerre,
21471bf5-567a-4e6a-b264-2514618d343f,Dave East,hip hop
1bc72c46-8c21-48d1-84b5-db08db8a01a3,Dave Luxe,
183da50a-b033-408e-862b-cab1c2425cff,Dave Stewart,pop
6561ffe8-0c1f-452b-8501-abe229e01bc7,Daveed Diggs,
c0cc5d77-937d-4296-a349-0a09d733fbfb,David Banner,hip hop
5d9db157-b9a6-44a3-aa94-e9ce280858db,David Begun,hip hop
5441c29d-3602-4898-b1a1-b77fa23b8e50,David Bowie,art rock
1ca7845a-78e8-48e7-8f1b-68ffd2159342,David Bryan,rock
9afa7b7d-9796-4b23-a192-ec24109de606,David Carreira,
940464ba-f8ac-482a-9cc1-0723e8b9707b,David “Honeyboy” Edwards,delta blues
a9ae7d4b-10f0-4da8-8b8c-21722a074a54,Davido,afrobeat
c55988c2-1dbf-4f50-b3a9-dfacfce4379b,Dawty Music,
9e8a4e92-1598-47d9-80f7-646802abce76,Daya,pop
1964d560-1e82-4879-bd6e-3cbfb7dba01e,Daz Dillinger,hip hop
42e23be3-5ead-4ae6-9c5c-7cb54073b73a,DC Pierson,
7fb4a3df-377c-41c0-91ee-f286ecca1e0f,De La Ghetto,latin
a8ebde98-7e91-46c7-992c-90039ba42017,De La Soul,hip hop
4a00ec9d-c635-463a-8cd4-eb61725f0c60,deadmau5,progressive house
553ac612-f568-4110-86be-2c89eab8e761,Dean,
e8bd5b47-e8b4-4671-a9f6-590a92e88898,Dean Blunt,art pop
16d1d8f4-4a35-48db-848b-4b5e453435cd,Death Plus,
655ea6ca-d06d-47b1-bd2d-6ef15ceb0a4d,Dee Cosey,
7249b899-8db8-43e7-9e6e-22f1e736024e,Def Leppard,hard rock
818f83a0-6ff8-400b-ab0c-39da35f52370,Defari,hip hop
b9de03fa-04ac-4249-8481-badfd26b9190,Dei V,
7df31657-85eb-45cd-a651-f1cf94bc44b6,DeJ Loaf,
c7891319-b4e6-4b3a-b49d-91879632a602,Delio & Misterio,latin
b228cdc8-0f48-47b5-b812-62fdc416bad3,Dem Jointz,hip hop
e20f2448-8e4e-4625-8881-9da8dbe9df24,Demrick,hip hop
813d1343-911c-4406-9f2c-ce8bb6506c64,Deniz Koyu,edm
6448f68d-85fd-401d-bfa3-3d85a7b64452,Dent May,
e2ae02e3-1390-451c-9505-9103cdc3f1bc,Deon,
03d2f3bc-648b-4325-affd-59065b0f3a1e,Derez De’Shon,
aa9ea04c-6d55-4244-9139-22c75bd19f97,Dermot Kennedy,indie rock
05b75ee5-98cd-430e-b1ec-ec0f61fdabda,Desiigner,hip hop
a796b92e-c137-4895-9c89-10f900617a4f,Destiny’s Child,pop
987d3d86-0d7a-4292-ae96-a8d59e456436,Destroy Lonely,hip hop
9787f0a2-f657-4210-a630-131efd6f2a9d,Detail,
7cc04f00-4c8f-40ea-894c-5f65777b3575,DEV,electropop
b4e1a0b3-af92-4a4b-8f44-9633f59f7138,Devin the Dude,hip hop
a2006708-8bc2-41bc-a9e9-72d14d7ce850,Devlin,grime
60d41417-feda-4734-bbbf-7dcc30e08a83,Diana Ross,pop
cabb4fcf-4067-4ba5-908d-76ee66fcf0c6,Diddy,hip hop
1cc2d151-530c-4bf3-834b-8b6203b7fc5a,Diddy,
480cdd78-e54e-4518-9ec9-572a62d7e1e1,Diddy – Dirty Money,hip hop
d1353a0c-26fb-4318-a116-defde9c7c9ad,Dido,pop
7928481f-848e-4551-b658-472c0aaf0c85,Die Fantastischen Vier,hip hop
7a9daf8e-fed4-467d-a414-94ed305bf70e,Diesel,hip hop
e60fd99e-e615-4fee-b6f7-08fee9a911f7,Digital Farm Animals,
ff6cb06c-a6e5-4ab9-a5ce-fa2095be45b9,Digital Underground,hip hop
1c294418-722f-45a3-a24d-910f9b6f1502,Dillon Francis,dubstep
c5931849-7c9d-465e-b717-29e2af974c6b,Dimitri Vegas & Like Mike,electro house
ccd46862-b51b-4872-8917-54a8baa7eea4,Dina Rae,
a56bd8f9-8ef8-4d63-89a4-794ed1360dd2,Diplo,electronic
e91eb790-ab8a-4c20-b385-1d99790d9d10,Dirty Dave,
60e42624-655d-4dd2-8314-41335511da6f,Dirty Freek,
cbe5c64c-0d3f-4df8-97ac-0d3b171c180c,Dirty Tay,
bac7f942-8e94-4868-b3f6-ba66c75b136e,Disciples,dance
ae65c507-d9a0-4d42-9a6c-2b1f82158b9f,Disclosure,house
9c657343-7f42-4468-8523-6bb31f942357,Disney's Friends for Change,
ca7b1de7-d299-4ba8-9cc7-ada8fdd945a7,Diversify,
1a99cc88-aea3-4fe3-96b9-20791667f65f,Dizzee Rascal,grime
7773bc30-1ae5-46b6-bcf8-6e1c355059a7,DJ Arman,
55065790-b209-42e4-9e12-6801f3c3246c,DJ Battlecat,hip hop
28be8599-805d-4b74-8ea8-fa75b98f9983,DJ Capcom,
00be0ab0-201b-4f77-9607-6bb963074c68,DJ Carisma,
e485620c-b1c1-4458-b3b0-eefc9b128797,DJ Crazy Chris,
f9c8f999-12c9-4d2d-80b1-f9df1b3b7b2d,DJ Critical Hype,
245136f1-6afd-4255-bc8a-7d4ed09fb767,DJ Dave,
adaad049-7690-4519-8878-04ca7757428e,DJ Dave,
9fe84718-78d6-4175-9cc7-5c95c064203a,DJ Diamond,
8e024f18-304f-430d-b1ba-ff6307743b15,DJ Esco,
15433754-81e7-411d-8535-e6554d7ef487,DJ Felli Fel,hip hop
e3163f86-cdee-4304-acdd-cfd24ea7d437,DJ Fletch,
ccca8ac7-0c3b-427c-8ab5-c86e438680a4,DJ Foreign Money,
e64528e2-c0e4-4c61-a093-6a0384ac7341,DJ G-WIZARD,
8f2ba605-fa39-4993-a5ef-09f812bb9da8,DJ Hard Hitta,
2f9f780c-c05f-4227-85e8-dbb55bbf1524,DJ Haze,
21eb41aa-6036-40c7-a3b2-e552562da967,DJ Heretic,
c6d08ca0-3b17-4015-9aef-2ae31354adcc,DJ Holiday,
ae227fc0-2003-4196-9c66-78e61071ccc7,DJ ICE,
26e6e23f-cc39-4fd4-bdd1-492331a051b6,DJ Ill Will,hip hop
b01b960f-c537-4f1e-8bd0-8738180a0eb9,DJ Irwan,
57cad114-d0e2-435f-841f-0946df0d4611,DJ Kay Slay,hip hop
487d56d6-e4e3-4ab0-83f3-3e87c8a1e279,DJ King Assassin,hip hop
b754baea-3201-461d-8001-c2581f8d085b,DJ L,
4474c7e9-4b3a-4169-a5db-09c6bebfc04e,DJ Lt. Dan,
a6dfbea8-ffbb-4e51-ac3b-59d1c5f55974,DJ Luian,reggaeton
89c7423b-d19e-42b2-938c-94a999afc2db,DJ Me$$iah,hip hop
cd8accd9-4d7c-476a-af0d-d5c636e7fdf1,DJ Mister Cee,hip hop
e714edca-6673-4cde-af91-76a12697b04a,DJ Nelson,latin
02608034-4b51-4ab4-a2a4-4a2c1c4c8a00,DJ Pacifier,
1891b7e0-7ea3-4967-9e87-03ee1cffa133,DJ Pimp,
084e06f5-3c82-4b71-bd94-dd69e7bd515e,DJ Premier,hip hop
542f4f08-4d8f-48db-a414-d3a33a62929f,DJ Quik,hip hop
18b23daa-0689-433e-95fe-69e00e50ff26,DJ Ray G,
5e1ef0b7-c6fe-4238-b99d-08833269a763,DJ Scheme,
aed82b29-d6d5-4508-8940-068a60e52f24,DJ Scream,hip hop
d0dd58c4-ab66-41c4-9883-4f493ef6653f,DJ Screw,chopped and screwed
fd5ec8fa-cf72-43eb-9cdb-4860e3af6ee0,DJ September 7th,hip hop
319affef-61e1-43a5-b2d3-4f1406e07584,DJ Skee,hip hop
032e63d5-a95f-4afb-8f04-c13803eeabd9,DJ Smoke,hip hop
77ab56da-5aa7-424a-a6ec-5c547f3cf1b9,DJ Smokey,nuke
31445b1e-96f3-4c7f-84ec-dd02e647e690,DJ Snake,dance
5dc14a06-d5e1-4510-94a9-ff18cf65e505,DJ Stylis,
919b6269-f1b2-47ba-a12d-41356b24c81b,DJ Surda,
7d226908-272d-410f-9aff-2598be6a1618,DJ Swamp Izzo,
e31518db-e7da-4f26-b136-184483d832bd,DJ Unexpected,
6197ffc2-d1a7-4fd8-9b84-6af4a27c2fc2,DJ Whiteowl,
8167d73f-335b-410a-8e56-ea9afccfa542,DJ Whoo Kid,hip hop
cb122566-f0f5-41c0-897c-ecf81431f640,DJ Whookid,
0e56e55e-e2d2-4565-9c51-1f9c7c6d655b,DJ X-Rated,
535de0a7-4523-43cb-8b0a-0cbd313b9a41,DJDS,edm
f3bf61f8-97d4-4e52-a73d-2ddbbe8196c8,DMX,hip hop
b02dc689-7859-461d-b70e-9fe1f64fddce,DNCE,
6a1e255a-c865-490c-80c3-6f06a30517fb,Docka,
ecfd1c36-5be5-4dfa-8795-092ac9852d2e,Dody6,
f17b0795-a554-4529-8dba-0b443573f09f,Doe Boy,gangsta rap
9f75277c-b283-4846-ac8c-f932255cd0ac,Doechii,hip hop
1d4d7dce-5d47-43a0-8205-75619c2a61f8,Doggyland,
1a6fb05f-ebfa-4185-932d-15dbd300f85a,Dolan Beats,
1d543e07-d0d2-4834-a8db-d65c50c2a856,Dolly Parton,country
4081ce68-316d-4104-bece-5ed7e9f11296,Dom Kennedy,hip hop
0ad99596-cbec-4726-af16-138e2a9268a1,Domo Genesis,hardcore hip hop
dc737da0-2d56-4e51-8c0b-2b101287c85a,Don Chezina,reggaeton
21deeceb-351f-4bac-bb17-55fb2e252a75,Don Miguelo,latin
afbdfac9-2955-4404-ae22-c08bf1c1b51e,Don Omar,reggaeton
a0723a3c-4135-438e-85c5-012712144ede,Don Toliver,alternative r&b
33861bec-2902-4026-89a4-1784cd15dc60,Don Zee,
1ba01bce-7f32-4d72-a5d9-34930b191656,Donald Glover,
ea34239e-4e43-48eb-91db-55688ca00ff3,Doo Wop,hip hop
d6d68400-7ad3-4fdd-8127-90b45d443ae1,Dot Rotten,grime
c12ef2fd-4e68-4869-b1d8-511ddd559ebb,Doug Grigsby III,session
831dcf03-b745-436b-922f-6a2baaf45e57,Dove Cameron,pop
145723e7-64ec-49f1-970e-c5d1fa4e7e42,DP Beats,
fe0e1895-aa84-47d9-8e5b-7930fc20709b,Dr. John,psychedelic rock
6247d69d-426f-440f-97e0-74a9a0b00358,DRAM,contemporary r&b
f3662342-1739-4caf-b57d-7d4c48cd657b,Drauma,hip hop
9ccc0b15-6506-46ba-8bca-6e35d40ebfa7,Dre,hip hop
50b8bb0c-ec58-4f4e-ab48-f76f45a17d49,Dread Woo,
f7a94446-aa3f-41e6-b3d0-46dd695d7d6e,Dreamville,j. cole
a3bbabab-dbb3-47a5-87ab-10fb8ffaec49,Drew Love,
fa93c17e-ddb8-4747-8164-7b05d42edaaf,Drew Seeley,
fe745135-b186-4e0c-bbd3-85701bd97389,Drippin’ So Pretty,
b75476f8-1a1f-476b-a4f4-bd16b14a07cb,Droop‐E,
28c82d0b-5b75-4cd7-b58f-dc75613015a2,Dru Down,hip hop
d3b69dfc-4b20-440c-bd23-6f939d076082,Drugdealer,
35a431eb-347f-4963-8ec6-534e124e3e65,Drumma Boy,hip hop
4bd138d7-8986-48a2-bbb8-b3d647065913,Dubb,
85a67652-d669-49ae-aa09-a26675aeaa99,Dubb Union,
0b33f22d-b4b6-400e-90af-c593e0f395b6,DubVision,edm
44869536-0262-4f22-9c23-b4821c13cd97,Duki,trap latino
1a1cd7f3-e5df-4eca-bae2-2757c9e656b5,Duran Duran,new wave
7c8bc062-7451-4f46-84d5-a7c78d8172db,Dust & Diamonds,
6c4ee7ef-36b6-4bae-b396-51bb96148986,dvsn,alternative r&b
0fd06f8b-869e-4e0c-9ba9-8c254c122bb7,Dyland & Lenny,reggaeton
7eb0fbce-7e15-4620-a11f-e4d9a310d1e3,Dzeko,edm
786ce8c5-cb6c-4667-ad27-f61b6bfc3ed0,Dímelo Flow,reggaeton
6d6d607e-679a-4cdc-a7a0-35e2abe06619,DāM‐FunK,funk
3325cdfa-8efc-4662-b3df-c094b78b9da8,D‐Block Europe,
189b079d-f633-4d94-baf8-e3e2591904eb,D‐Dimes,
b0f58ed1-bc2d-4f28-828d-dcad36d11872,D‐Nice,rock and indie
b66771cc-45fa-4a32-b14f-5337d7223d7a,D’Angelo,neo soul
97f6112e-a51b-4346-859e-6d23e36a583c,D’wayne Wiggins,
b07d4742-8032-4f47-9b48-f1440bf3b203,E-LITE,
7adb9260-4109-41fd-82db-77c342f24efc,E.D.I. Mean,hip hop
8b22acd6-20e6-4463-a75c-c14b5cfdb666,Earl Sweatshirt,experimental hip hop
383005e1-657d-468b-a448-08ecf35b3943,EarthGang,hip hop
c3009d7a-51ac-4c9c-888a-04f5c3c4be0c,Eazy‐E,hip hop
96455e58-f48c-4f28-a40b-016ab094c520,Ed Lover,hip hop
bc6c1d4e-080c-46cc-b6c8-9bf28460543b,Eddie Griffin,comedy
98744f0b-20fc-4bb2-9ac4-e2041058911f,Eddie Murphy,comedy
1a60d6dd-9d3e-40fc-a66d-3184f9ee0d61,Eddie Vedder,acoustic rock
ca0c22c4-b0e1-4201-8ab8-57db4a55e6ac,Ekow,
3f43ddfc-7970-4334-908c-5c587a9133b1,Ekow,
0887484d-aed1-4aa6-9862-930a25815696,El Alfa,dembow
7e57d8a2-e6eb-48dd-8e50-ff7eaa412ccb,El Guincho,classic pop and rock
239e3283-3b23-4606-8c3b-b5c3bd80313d,Eladio Carrión,hip hop
8d1e7c48-f997-4ec4-ab86-864afdbeb932,Elena Rose,
cd5f7bd9-ee6f-4a99-8dd9-dc3afd9da736,Elephant Man,dancehall
c6b4db9b-2790-4d8b-aaef-cb576f7e479e,Elijah Baker,
dcdde3aa-1d73-4c02-9e89-c5e8d3929eac,ELIO,alternative pop
3be67375-343f-4911-a515-5f7ce31f3ddb,Elite,hip hop
afd9baa6-4402-40c8-91ad-d792ae28e819,Eliza Rose,club
f7602b15-66cc-4b31-b3b6-ed3c0a29eea3,Ella Eyre,alternative r&b
89d42b97-8042-4c14-a596-a2ccaef5fc4c,Ella Mai,pop
33ca19f4-18c8-4411-98df-ac23890ce9f5,Ellie Goulding,electropop
be5272a0-6663-4cd4-81e4-b879446aabd2,ellis,electro-funk
bc563821-40ec-48e9-b0a0-4f41dc46a1f2,Elyanna,alternative pop
7cfaac66-62e5-4fcd-af1b-9d3aa8f68e8b,Emeli Sandé,contemporary r&b
ac8dd57c-f603-4c3b-9546-8a15519ac186,Emily Luther,
28f4bb72-3ff1-427d-8cff-236585327375,Emily Warren,electropop
e824ea21-cb10-4023-9c25-94db4b93dee2,Emjae,
32909c01-abae-49c1-8744-b872a24d6d38,Emotional Oranges,
91cd6a5a-e0db-4329-837e-9b6479d1ed2d,Empress Of,alternative pop
35f866dc-c061-48ba-8157-cf2e0eac4857,Enrique Iglesias,pop
14ba8e03-6692-4ecf-9992-1b3a71373041,Ensaime,
4062025b-e1a7-4413-adc4-0236d6155dc0,Enur,fixme artist credits
55539ea9-3bcb-4330-9aa3-40e9e865efb4,Ephraim Sykes,
4fa39dc8-c695-4e0e-ba04-92c63d99c9f9,EPMD,hip hop
b1db927a-7fb1-4b50-b8c0-8326823d8672,Eric André,
07a8922d-680a-4637-a55e-88d7d1969a95,Eric Bellinger,alternative r&b
f5bad1a5-53cf-40c1-b03b-c5cf05c65768,Eric Benét,contemporary r&b
15856215-cc51-4423-879c-9ac955ccb11a,Eric Church,country
618b6900-0618-4f1e-b835-bccb17f84294,Eric Clapton,blues
ec67f484-c8a1-4f42-9963-f5133e1877cc,Eric Jaye,
141caa53-d337-4332-9b0f-5a203b31a89f,Eric Williams,
7fdb6168-64a8-4b5a-9a6a-e39803e4aec1,Erick Sermon,hip hop
49195857-ce7c-4e11-aec8-f2ec39a02b60,Ermavilo,
5e154c14-de6d-4901-a6d3-68d6b45ec305,ERNEST,country
532fcfb1-27c2-4325-b8a3-3d0ca5280ed4,Ernesto Gómez,
b7ac3836-1042-483d-b0b3-a224e2ca71c0,Erre XI,reggaeton
321531fc-db73-4ffa-a959-61a61a2908c1,Erykah Badu,soul
85021dfa-d293-482d-8c06-9c11d1bf6c46,Esmée Denters,pop
b299e6fc-a7cb-4c7d-a798-0692b60b9e48,EST Gee,hip hop
4c7a5854-6b75-4623-a684-6a3d785d9015,Estelle,contemporary r&b
0b323c4b-1258-4775-a8e2-ee71f4bf9a45,Ester Dean,
161bba09-1f74-40b2-9e1c-a934b5977c0f,Ethereal,
5b6c9ae4-818c-4391-b40b-4dd0aec6f847,euro,
b4d32cff-f19e-455f-86c4-f347d824ca61,Eurythmics,new wave
0f8d8bae-f387-4c36-9635-24769351f7d5,Evan Dando,alternative rock
1ac10f5e-2079-4435-b78f-dda6ecdeba15,Eve,hip hop
ddfa259a-c8ab-43eb-b367-0fc41151bc98,Evil Empire,
ddeb3502-8693-4619-b41d-263105f84477,Example,electronic
0b619a94-481c-40ac-abae-85f33f2b1588,Eyedress,indie rock
15157166-d310-4f1c-b6ab-1b3843e1c76f,Eye‐Kyu,hip hop
380548d8-ae12-4c99-8976-13127ec73800,Ez Mil,hip hop
cc573208-c8ad-4ed7-bc2a-10f1b10a097b,Ezale,
fcac37dc-6052-4bd6-bc78-ad417f6001b8,E‐A‐Ski,hip hop
c4a90fe5-7094-4dcf-bd2d-178bb07ee062,E‐White,hip hop
d2299099-e617-46dd-b013-ba0b4c72bc63,Fabolous,hip hop
ebcd0bad-75ef-4203-b7b3-7af38a9ef198,Faith Evans,contemporary r&b
516cef4d-0718-4007-9939-f9b38af3f784,Fall Out Boy,pop punk
5e2bec57-6c38-46ca-9086-0fbe5d7204e6,Falo,latin
c34cfbd6-1df2-4865-96d9-e3bb4fe0577d,Famous Dex,hip hop
3f90ee47-dc8e-433f-a92a-25bbade723eb,Fancy Olsen,
d1d66000-e317-44c1-bfab-e761aa7cf322,Fantaazma,
6bd5655c-b7fe-48ee-8925-c2d2d8798618,Far East Movement,electropop
70a22c38-49d7-4284-ae16-86e3bfc814f5,Far Too Loud,complextro
f49933c8-da21-4c1e-af19-61b782ec50d5,Farina,reggaeton
a6a4c910-2b22-4a6f-aebe-805b176c47b8,Fat Joe,hip hop
587a0207-42f7-4600-9c3c-7ee4942f5ef1,Fat Money,
8739d68e-a0f2-4073-8873-8e5efe693b04,Fat Nick,hip hop
34c63966-445c-4613-afe1-4f0e1e53ae9a,Fatboy Slim,big beat
172053e5-a7fb-4548-a64d-c53858b5e775,Father John Misty,folk rock
eaee97f6-f2e4-414a-966c-f31a1fb4696a,Feid,latin
b57ba8eb-622e-4dfd-a60f-280d64f33f96,Felix Snow,
60d6c5ff-b87d-4d06-82a0-2353b8898308,Femi Fem,
8ab5d936-49d1-415e-92c8-151e0e7dd912,FERG,east coast hip hop
1c46e82f-4764-4d82-a33b-5d5aee5e2881,Fergie,pop
c54c7af0-53f2-4b5c-a2d4-c38186050a86,Fernando Vacas,
e3492ea0-5997-4241-a7bf-2fd7fb1bfad1,Fetty Wap,hip hop
b518d4e0-c945-4a21-902a-8130fd8a620e,Fila Fresh Crew,
593458f2-0f24-402f-b1fc-627e068d96de,Fin Argus,
151cd917-1ee2-4702-859f-90899ad897f8,FINNEAS,indie pop
4d09a017-4e09-47a7-b274-a7e0767ac4e0,Fireboy DML,afrobeats
2b4d4837-37d1-4a1b-b670-324d9a094112,Fivio Foreign,hip hop
53442fb2-0e7e-47a2-b4c4-47bfb38d55aa,FKi 1st,
ea20ab9f-2885-4742-bc98-be78f60b1bb2,Flau'jae,
cf13ed42-3d7b-4aca-8872-8159fdc901f3,Fler,hip hop
7bf7bdcc-0195-4a1f-bbd2-83d6937ee579,Fleur East,dance-pop
4593d49a-7f67-46ba-9ec0-126bd676286f,Flo Rida,pop rap
88798869-338b-418e-9c47-97365444b734,Florence Welch,indie rock
8ca3f991-47c7-4506-8fa2-327e376c71b4,Flosstradamus,festival trap
0b97a369-1509-4e7a-8fbd-0e2edd0d732e,Flow,
8cb902ac-7dc6-4352-8f18-09bf407be5ad,Flow la Movie,latin
3ce513c5-bdd4-492c-a875-07e0f3e1993b,Flux Pavilion,dubstep
b6d555c2-b1fe-4b59-8687-a38ce9f1ac40,Flyboy Tarantino,
fc7376fe-1a6f-4414-b4a7-83f50ed59c92,Flying Lotus,experimental hip hop
97236844-32dd-409c-8f31-d27bdf87f68f,FMB DZ,
67f66c07-6e61-4026-ade5-7e782fad3a5d,Foo Fighters,rock
7e06b95e-5b72-47fa-bc12-6bbc63210d9a,Force One Network,hip hop
566397ec-cd09-4fd9-9b7e-6f0e0afa57af,Forever M.C.,hip hop
5c6f8874-cb53-4f4d-9168-cc2af8c7ecf9,Forever the Sickest Kids,emo pop
e0e1a584-dd0a-4bd1-88d1-c4c62895039d,Foster the People,indie pop
a298565e-d43e-46c4-b35c-bfe131258815,Fousheé,pop
898169f4-e640-4398-8c2b-d44bd42e4627,Foz Tee,
956c40dd-70a6-4d40-948c-afb9f2d5082c,Francesco Giglio,
3811f6dc-9b82-48fd-9832-5b392d0bc8e5,Franco “El Gorila”,latin
2831a6fb-851e-4ee7-97f5-aaa46a4f6e2f,Frank Zummo,rock
6ced1a26-0002-4bdd-8e69-5f80f04826b7,Frankie J,latin pop
bca46a0c-25c9-42ca-98c2-e64c8a5e337e,Fred again..,electronic
f28a2b9f-bf70-4b48-8314-6c50544ed983,Fred the Godson,hip hop
87b9efcc-6d25-4795-9edf-259b11b4d783,Freddie Foxxx,hip hop
21645c31-fe1c-45a4-955c-3e172b12c3f9,Freddie Gibbs,gangsta rap
022589ac-7177-460d-a178-9976cf70e29f,Freddie Mercury,rock
b9a8db07-bc34-4a19-8b34-c235d5974bc5,Freddy Verano,
af4b59c0-ab9b-45a0-a6d4-02043ff0a4c6,Fredo Santana,
111fbeab-6f67-4d9c-b682-acfd0840c68f,Free,best female artist
d2ecd1b3-888d-4ec2-807e-bb826f7c95fc,Freekey Zekey,hip hop
6f268b09-0954-4d75-b0c5-fec3d7658520,FreeSol,
5d008bf9-2958-4640-a5de-dcdcebe711a4,Freeway,hip hop
cb9c2a2b-96c2-44d7-bd31-04ef87572b57,Fridayy,r&b
ffc54d7f-0e78-4a41-b705-4fe027239e59,Froggy Mix,kids
d6bed491-56f9-4016-a0e7-83baaccf0e12,Fronti,
1d333e32-4d56-4ada-9fce-e4167fd64022,Fuego,latin
cf042013-3edd-46c4-9b0e-a62faac98d0b,Funkadelic,funk
de9e1687-377f-4559-8133-6fe5986dd95c,Funkmaster Flex,hip hop
546aee48-380d-4510-aa28-5d6f863149ed,Funky Aztecs,
abe41c91-3587-474c-8953-d6034d395a0a,Fuse ODG,
1b1f50d1-4746-468b-a6a2-7db7200d3dfc,G Herbo,chicago drill
37be35bb-cb58-4d6d-88fd-10899def8e60,G4shi,
0b4fdddc-8564-47f3-9a71-fb891efb67e1,Gab3,
a8d23edf-c674-4d1a-92d0-f00c3ae9bb67,Galante “El Emperador”,latin
a7229e38-bab7-48c1-9f35-9b4c49738b0f,Galantis,progressive house
9ef8042a-2528-4f5c-b7c1-5e72b1efe170,Gang Starr,hip hop
39964eb9-3bf1-42c2-9cd6-b14079aef98c,Gangsta Boo,hip hop
e2cd0df5-eaa0-469f-b85f-8bd676be2632,Gaona,reggaeton
e050363f-2a67-492d-8fa6-f77e18d06dc9,Garrett Clayton,
4365b045-388b-42a5-91b5-b860dbcbf9f7,Gary Lightbody,alternative rock
ca8e297f-b22d-4455-897a-d4717db5213f,Gary Trainor,
11c5b82a-112f-4542-81b8-e5a6d48b5a7b,Genio,latin
9f03445f-2997-4d61-bee8-784248ddea59,Genio & Baby Johnny,reggaeton
a80dc8c3-bab1-41f2-8918-d48fbd089998,Geoff Grace,
467f69b6-8d6d-4d2c-bfad-e89adf2806ff,George Benson,jazz
a0e1f271-f25a-48d2-b652-4bfc33d6842b,George Birge,
84683370-5eae-418b-acd8-883ac028a8a0,George Clinton,p-funk
6cfe1f2d-52b5-437e-83c9-7487fec0b2af,George Hodos,
ccb8f30e-4d71-40c4-8b1d-846dafe73e2c,George Michael,pop
62ffd9ee-13a1-49ed-8721-d07fd0b2f07d,Ghetts,grime
1989dd59-7f11-4c90-9450-4d728ed07fb0,Ghostemane,rap metal
3b39abeb-0064-4eed-9ddd-ee47a45c54cb,Ghostface Killah,east coast hip hop
c0e53075-0bb9-4a74-9aee-db54953d52d2,Ghostluvme,
d7bf8ced-b319-45c7-a515-9744771d6b1e,Gibson Brothers,classic pop and rock
19d2df15-8f57-41b3-b1b6-b69ad4f311b4,Gigoló y La Exce,reggaeton
436bfce6-26b7-4c62-a18c-c17c004562e0,Gillie da Kid,hip hop
b2fbd053-4380-412c-95d2-35c6da8f1011,GIMS,pop rap
c2fc792b-e1e7-4c3e-a3f3-8d057d9b3883,Gio Washington,
38dd6337-19ae-4793-ab4b-313eff523457,Giorgio Moroder,electronic
f852121e-d87e-4ca0-91d3-a4cfa8ac5133,Gizo Evoracci,hip hop
93fae984-0b8a-45cc-8558-0f4e130249a5,Glasses Malone,hip hop
9bb6be36-0e7b-4d49-9d1e-9ae5cc84210d,GLC,hip hop
29542149-a818-4167-aa91-439adc9d61f5,Glee Cast,pop
2a7ef045-ca10-4cb5-8fe9-1f5d38e84bc2,GloRilla,southern hip hop
79b7e90b-e71f-4d49-b1bf-d66c5534c38a,Gocho,reggaeton
e0684bc8-713f-4798-8a4f-e47043a14d7d,Gold 1,
55c6eaaf-1dde-468c-a4ff-244d58c4eb89,Goldie Loc,hip hop
7cb6e306-a75b-48b4-be00-2c4aa6bbe3a8,GoldLink,hip hop
c023ef07-06db-4a29-818a-6552bb215762,Gonzoe,hip hop
727b0e62-ad3e-4e14-ae3c-f068b0a84195,GoonRock,
e7840b1b-0fc5-42a7-b05a-ffca943308ad,Gorilla Zoe,hip hop
ecf8aae0-6217-4984-b3fa-a9c5bd8225f5,Gotay el Auténtiko,reggaeton
b1c124b3-cf60-41a6-8699-92728c8a3fe0,Grace Jones,new wave
1ab023a6-466b-4ad3-b404-e6b801fe502c,GRACEY,dance-pop
f7441bc7-d7de-4813-a2fc-31a4033d396d,Gracie Abrams,folk pop
15f21e1d-8216-4910-9978-08104c40c76e,Graham Phillips,
7db590cd-d7e6-4b36-b4e7-e8209426b02d,Grandmaster Flash,hip hop
cb000d61-929f-4e17-9fe3-a154a734acc2,graves,
b564f8e2-a900-4c40-b583-24e2bb34d7dd,Gravy,hip hop
ff9f99d4-aa42-4c82-a7c7-9157a3cbb5ba,Great Good Fine Ok,
6ed059c4-8472-4771-99ac-25725e55710b,Greg Nice,hip hop
866d2548-ec0f-4f77-8230-1975b9f737f9,Grey DeLisle,
f53951d6-6105-444d-8854-c60e94bb706e,GRIP,alternative hip hop
254caf14-7b63-47d1-aa9f-acc7cb541814,Gruff Rhys,indie folk
f1348139-efb5-43c7-9204-199827efad3c,Gryffin,dance-pop
67375a28-2956-453e-b6c6-fafece47021d,Guaynaa,latin
2833c498-bc1c-4f2b-8417-00636f600479,Gudda Gudda,
abc5acb3-7af6-4705-a22c-d9a05ef3d463,Guelo Star,latin
100b8734-f4f0-4536-9960-47f7c59d1b4c,Gunna,hip hop
9b46bd1f-2f9e-46bb-9a68-4e24c644a137,Gunplay,
2e41ae9c-afd2-4f20-8f1e-17281ce9b472,Gwen Stefani,pop
db48610c-6d8f-4d10-90ca-c4d14bb1a8b1,G‐Eazy,hip hop
3a212655-d7d5-4570-9d31-4b7b1ef02629,G‐Unit,hip hop
93998e01-ff53-4af7-ba2a-5674adcdf21e,H.E.R.,r&b
3d94956a-cc65-4777-8722-342160923a50,H.O.P.E.,hip hop
aef06569-098f-4218-a577-b413944d9493,HAIM,indie rock
b716c12c-72e5-417e-b97b-7ade2bdb5030,Hamdi,bass house
b8059077-d764-472f-b89a-431cd7c244ea,Hands‐On,
e25744d3-ec9f-4bbf-8760-7bd3370906ea,Hannah Montana,pop rock
e6de1f3b-6484-491c-88dd-6d619f142abc,Hans Zimmer,modern classical
1d5a2746-f5e5-49dc-9d3a-33efb9a4fddc,Hard Rock Sofa,edm
907b08df-d4ff-4b2a-8015-3eb5ac73561b,Hardo,
170d6637-36e0-49dd-a225-c4fd5b77a285,Hardwell,edm
f4fe9be1-8e34-47c8-bf16-33d1a94a235b,HARDY,country
3bd08e76-bf53-4b16-82ee-63f95ca5cdae,Harold Faltermeyer,synth-pop
3156451f-a2c5-4c1f-97e0-dde4b03fa329,Harvey Fierstein,lgbtqi
707a2a1a-4af1-44ef-b009-93430f82322d,Havikk the Rhime Son,hip hop
cbbc6253-efea-4cc7-a279-f3ad348f6744,Havoc,hip hop
d03dbe1a-d9a3-423c-9cc9-0abd4f18a092,Hayes,
b4b5b5a7-feff-47d0-9458-83d0d135a692,Hayley Williams,alternative rock
a373933d-555c-446f-a7a2-b8b8a291659f,Heather Headley,contemporary r&b
ec7757bf-66e7-4199-bfb1-97a0aeee1796,Heidi Anne,
762f0cea-c07c-42ce-85a2-fc50a2f8c8f3,Hevehitta,
9ee87888-7ab9-478f-8481-9ce6ea717d20,HeyDeon,
cde6cb0e-fd63-4721-b713-bcc2c75de7dd,Hindu Jea Band Jaipur,
05f3bb75-fbc1-410c-8f60-d34564f69334,Hitmaka,hip hop
af2d2bfb-99a1-4e8d-9656-5e0c3cdca31e,Hitta J3,
fb92ed16-0b0d-409b-99d3-f939422fda07,Hittman,hip hop
bf314a8f-5dc6-4dc5-8819-d25b4cc38164,Hit‐Boy,hip hop
20ca5f75-b9d6-46f8-bb06-73d7c34d99d5,HIXTAPE,
76600f02-c090-4d15-8782-680cde16bd98,Hodgy,
6e61b52a-9001-4638-9f10-f684c180a749,Homixide Gang,hip hop
58b599cd-b1de-45e3-863a-3b54194a0f20,HONNE,
5fb57ec8-e339-4632-854d-ee59e91ab2fd,HoodCelebrityy,
b28ac005-27fe-4bb9-86a2-dbf55ef21469,Hoodie Allen,pop rap
8e4d0902-43ee-45e1-97e3-b6a56581f290,HoodRich Pablo Juan,gangsta rap
3b31ab0b-fbf3-4691-8a96-0a8ec8230517,Hoody Baby,
6ed8a26b-1885-430f-8248-db960ff022a0,HoodyBaby,
0e722b6b-e12a-4003-8883-f610f8f69d13,Horse Head,cloud rap
6adba4e5-4610-46ef-a3c1-fbe71c44e91b,Hot Rod,
35595cc9-3350-4ccb-8691-4bab8ccd874c,Hot Rod,
dd5660ce-43e7-42d0-9534-faf14e2f9fb4,Hotboii,
c2d6a6fb-7999-4bb3-b2df-7d752fdf4e95,House of Pain,hip hop
e2714df1-4613-4dee-8e0e-f4f333200914,Howard Stern,
3d403d44-36ce-465c-ad43-ae877e65adc4,Hudson Mohawke,electronic
2625c075-08de-4428-9f23-bb9d4f4dcf42,Huey Morgan,
59c2a349-e284-4925-9165-ec7f79ca142a,Hunxho,hip hop
fcd954c7-f327-446f-87a3-2c4b242c6f38,Hurts,new wave
2e15d1cb-8087-40b1-997c-51aaa497d4c5,Hussein Fatal,hip hop
2500e307-4ad1-448d-a430-5ab01ab5c20d,Hustle Gang,hip-hop
9f642d6c-2779-4f57-9be3-7e5ffbaf2344,HXV,trap
cc37d0c1-493d-487e-9694-3cf48ae6370d,Hypnotic Brass Ensemble,jazz-funk
8c139256-e60d-4142-9a8b-90916c6428c2,Héctor & Tito,latin
fef1c408-438f-460d-bd20-97ee40006faf,Héctor el Father,latin
ff567362-45ef-4659-aa30-a964c4c658db,H‐Bomb,hip hop
efa81d5c-b900-480a-b27f-0a66e48792de,Iamsu!,hip hop
45154afb-9a09-41bf-a39c-654c3f497c08,Ian Broudie,
386df5e4-aa80-412f-aa31-7a201f0ed678,Ian Carey,
09a67d90-b221-4d15-9bcf-707218108690,Ian Hunter,rock
6f2c949d-9540-4421-bf02-27ae27e00e33,Ice Spice,drill
e09f441c-4c6a-44c6-a0c1-4682f16fc3c9,Icewear Vezzo,detroit trap
8a75ce0d-1df3-47cc-b076-ce2f4e8250f0,Ice‐T,conscious hip hop
c5f259d0-abd8-418e-81ee-3965fd4e4e9a,Icona Pop,dance
929ca8c3-5df3-4fe9-bc59-f8d603780bce,Idina Menzel,musical
02fa2b63-016b-4cb3-bf01-2f8f43973876,IDK,hip hop
3a052c99-8c18-484a-8beb-9873b4fb3106,Iggy Azalea,hip hop
f37b3f31-b1f8-4b88-8cb5-b34f709b17d7,Iggy Pop,punk rock
c7e90641-f441-4801-8e4a-d09e10f452b8,Ill Bill,hip hop
5f43abf6-92a5-468a-a633-b73f94627972,ILLENIUM,dubstep
047c7563-6c32-4619-a0b6-1dcf218b3e1b,iLoveMakonnen,alternative r&b
24a43e36-0435-4f04-ae9a-d5d73e52d278,Ilsey,
47d46f2b-7398-41d1-937e-55f16ffd4d31,Imaginary Cities,indie pop
81bb6691-1e3e-4f8a-82e1-919c4e9cafe2,Imajin,
23c723b3-f54f-4634-83dc-b2989d05ae88,Imanbek,deep house
328d146c-79f1-4eb6-9e40-8ee5710c14e5,Imogen Heap,alternative rock
fb842eee-c5c8-4748-8da8-e33e17e5041d,India,latin
b0482dc3-7cab-46f7-a0be-655172303f82,Indio Pancho & David D'ambulante,reggaeton
814cfa22-72d0-445d-9cb7-bbbd894261cb,Ink,
a6b90dc0-e22e-44e1-890b-87900bd9aca6,Inspectah Deck,hip hop
72f8d4f4-a167-4b66-8b65-46fe0a07f63b,Internet Money,emo rap
b27f61b3-7599-46ea-a385-e150bf0b5b95,Ironik,
063fd96c-9542-4143-8653-8e7ffa19159b,Irv Gotti,hip hop
37547347-ea75-45fa-9766-ff36b44d8147,Isaiah Rashad,hip hop
659f1e75-8417-4f78-930f-13bddc98a987,Ishiban,dub
fa5da1b7-8e74-48b5-92ee-966322775162,ITSOKTOCRY,
ff06ecc0-72a5-4a81-a253-d840d9aefb32,Ivy Queen,hip hop
3bf30073-ce4e-4207-88d2-ad83677b0387,Iyaz,contemporary r&b
9ed99a76-6c01-455e-9e3d-a233e48ece45,Izzy Bizu,contemporary r&b
cbcbb22c-3a8d-46af-b4ba-09c98f0d7931,J Dilla,hip hop
fea3c563-fdcc-4293-91e6-09d0031cc15f,J King,latin
15852e22-69f2-42fc-8886-4ffabcf86271,J King & Maximan,reggaeton
75b8a771-52a3-49a0-b2b6-993ed1250dfa,J Álvarez,reggaeton
15a9e5c2-ebf6-43f5-b151-6efdca63303f,J-Green,
a321c2bc-6c1a-444a-bd92-c2c44deac4c6,J. Flexx,hip hop
4995a475-1580-4217-a11b-448711e41910,J. Holiday,hip hop
5dd935bf-aca8-4c6e-99c4-78169b669e81,J. Phoenix,
d16ea2c8-71cb-4c7f-bd8e-6c475c8c84c5,J. Valentine,
bba897d7-1d33-4ac4-8440-0785cd0d2342,J.Period,hip hop
ec82761b-ba82-423c-92fa-c18a7160b78a,J.T. Brown,
727db425-8492-4d62-8937-58537a4f56c8,J.U.S.T.I.C.E. League,hip hop
b504f625-4ef6-4a5a-81e8-870a61e8dc9c,Ja Rule,hip hop
134cb0bc-06fa-42f7-8078-b0c858349975,Jack Harlow,hip hop
55814ae1-f5aa-4481-9878-05d9faf98c5a,JACKBOYS,
72a2a39c-e91c-47df-8ee4-6d716c63393a,Jacky Greco,
1df15ee0-b52b-4315-9cb9-bc5a27a685e9,Jacob Collier,jazz
1def2cdc-a6ec-4972-8614-204e13301650,Jacquees,soul
166cb987-3156-4166-b0d3-f1ad5a6c514c,Jaden,hip hop
f7a95201-f486-4ee3-a959-40951be16bec,Jadiel,latin
5ff6314c-5e85-48c8-8083-6572dc8e9b66,Jae Millz,east coast hip hop
10ed18ec-62a2-4c42-b17c-7b12b2822d60,Jaeson Ma,
a3836e52-a67b-4b18-9aae-caaaea3e281f,Jake Steed,
f4b1d63a-294e-4e5a-8b32-c5b45a4c4cb5,JakkCity,
c5e6c4bf-c02e-4f90-9d7f-d14d3a50b1d2,Jamal Gray,
6a997121-0919-482b-a91b-c6fe1b55a4b9,James Bay,alternative rock
8dc08b1f-e393-4f85-a5dd-300f7693a8b8,James Blake,electronic
20ff3303-4fe2-4a47-a1b6-291e26aa3438,James Brown,soul
4fe629e4-e055-4330-b6d3-70c2cf0b2ae5,James Corden,crime against humanity
4e481ad9-aa5d-4a1a-b2fc-444c0ad48b7e,James Fauntleroy,
679ec43c-bc04-4bb0-b619-2da702a214ba,James Horner,classical
6b70c46c-5c83-4cc7-99c1-e76b68919c6a,James Murphy,dance-punk
f6580b26-77f7-4a7b-8513-6db0476e8f21,James Newton Howard,classical
15a5da16-8b89-4047-aefe-81473c97b5b2,Jamie Foxx,soul
500df185-4a22-40a5-baf6-bdcabab5ed22,Jamie Principle,chicago house
ed1986d3-80a1-4a08-ac3e-78ff8fa844f2,Jane Handcock,
6be2828f-6c0d-4059-99d4-fa18acf1a296,Janet Jackson,pop
5dc6e316-eef1-4883-86cd-c2872e009706,Jano,dance
14d5d4f8-7149-4d6b-a46f-3f06802e837d,Jarreau Vandal,
6de0f914-3e60-4418-be3b-42e0feb6eb4d,Jason Derulo,pop
90577992-40cc-4173-adcd-bff6f80d9768,Jason Eric,
c9df45d4-b84b-499f-ae58-3d5a4b94d5e8,Jason Nevins,electronic
89b392f7-923f-4245-9676-ec6590264b1c,JasonMartin,hip hop
64cf2188-8d8e-48ae-8df7-cb4c69b8be25,Jasper Dolphin,hardcore hip hop
fb4156c0-1906-4b3c-bdd4-e65b702ac403,JaVonté,
a2507d4d-3387-4d31-a6e8-f2c9794fb37e,Jax Jones,edm
d5854a7f-b73f-4a0c-8f58-f73c0ef1f5c4,Jaxxon D. Silva,
8bf283b9-b1e2-4632-a953-eacd212a543e,Jay Electronica,abstract hip hop
35424b33-ae1d-4a35-9005-ba3583453466,Jay Gordon,rock
2a905532-236c-4658-969c-f0d8877edb07,Jay Jones,
9880800a-f6f8-4f8f-a00e-b4b664776c0c,Jay Rock,hip hop
e03cf5b6-d2ec-4465-adee-226b518bcfcd,Jay Sean,contemporary r&b
24ec58e8-9d3f-482f-a07d-0ea11c2ffcd5,Jay Wheeler,latin
3d551d86-c970-4c0d-90b6-b9f0b9eb2943,JayKae,
ad621cae-0513-482d-9512-8ddf3f5fbdec,Jaykay,
2bdac100-d897-44fb-b00a-4a4d7595932f,Jayo Felony,hip hop
6f92929a-6381-48ac-b348-83b43b9cf646,Jazmine Sullivan,contemporary r&b
362851c5-a4e3-4e8c-b3a4-5f847af0f411,Jazz Lazer,
bd1f2f64-67ec-4711-87e6-34b7f5dda1ba,Jazze Pha,hip hop
939b3323-ec34-4208-911e-0c5d59d840b1,JCO,bachata
14a4bc78-1c2d-4ca7-8d1b-9b58076a2a17,Jeff Beck,rock
150fde6c-d8d6-4e59-8ff7-52cfe85497d9,Jeff Goldblum,
fdac609a-63d0-49b9-823a-daec52a0db97,Jehnny Beth,indie rock
ab5a7a60-1b71-4e5b-b622-e0ae2ce84c32,Jelly Roll,country rap
ffd036c6-29ab-47d8-a6af-471c6b8dac0f,Jenn Em,
95b5d5b5-46c4-4c3e-89d5-ffe9236427ac,Jennifer Hudson,r&b
f0602f55-1770-483d-89bd-4bae0d0ac086,Jennifer Lopez,pop
3f13323d-8659-4aeb-978f-880694f3feea,Jennifer Nettles,country
d9c77cfc-894c-41d5-b7d9-88f2a302a361,Jenny la Sexy Voz,latin
1c009a08-74d1-4682-bc56-8bfbe9e66b62,Jeremih,contemporary r&b
fb75bc76-a50b-4d3a-b060-63092a4c6bbf,Jermaine Dupri,hip hop
1a331805-47cc-4f30-a123-94d820dbca31,Jessica Pratt,folk
d24fb461-dee8-41fc-bb15-2f13bb2644a6,Jessie J,pop
18f56081-ccd7-4e07-981a-558c20951ccd,Jessie Reyez,contemporary r&b
d9ef5bac-9f88-4559-932b-63d753ef6161,jetsonmade,
181e9d3c-ad23-40d2-8c6c-a54011571c18,Jewell,contemporary r&b
2b67658e-429f-425a-adf5-345b13112fc1,Jhayco,reggaeton
ceb3f5b7-9f1a-430f-afbe-976fdcf30482,Jhené Aiko,contemporary r&b
d616b606-cf6a-4b6e-ab0f-e253b8db6610,JID,hip hop
2bb9df33-7510-437f-8868-801ce21d6a69,Jidenna,hip hop
81148ae0-47e9-4830-ac97-8e69b6c71706,Jim Jones,hip hop
d2582c77-6b0f-4b2f-802f-8f3cad1a5fec,Jimin,ballad
78b7c31c-97cb-4f06-be5c-5c2e5a7c87bc,Jimmy Fallon,comedy
519774a4-3b18-4042-b8c0-927845a616c9,Jimmy Page,rock
631f5467-bf41-46d7-867e-4e61b8665662,Jimmy Z,
f906154a-7011-49c3-8f6a-44ca83311b08,JISOO,k-pop
1533b219-74ef-4512-826f-42bca397fbb4,JLS,boy band
57879ca6-44aa-4b75-9a97-b801f57a1331,Jme,grime
f376828a-b438-4fda-bb2e-dcd5fbe81f83,Joan Jett,rock
b378f0e6-9612-45a1-866a-679cbc631b22,Joaquin Phoenix,
ed7e12c4-0c08-477c-bd64-5eaa96b9f853,Jodeci,contemporary r&b
d6864f27-532d-4912-af81-d710d58b1f01,Joe,contemporary r&b
02e81a75-461f-4b9d-b635-9cc916cef9c0,Joe Budden,hip hop
7bc12c8f-8022-4942-af94-a83c7cd8af55,Joe Elliott,hard rock
373a3176-8784-43ab-89f8-16531d5e0bcb,Joe Fox,
79e1bb77-fd8b-42ab-8043-892af5370f0b,Joe Jonas,
3b25a74c-d526-4100-bfbc-7bee28d76508,Joe Moses,
29762c82-bb92-4acd-b1fb-09cc4da250d2,Joe Satriani,rock
303aa8b4-d8f5-4590-9463-0a29fcfcb79e,Joelle James,
9757ae7d-44b1-4d63-81ce-b463fe27b9ae,Joey Bada$$,boom bap
1bd432f4-c463-4a45-9315-137509b81cbf,Joey Fatts,
f776735e-9888-48cd-b76f-fecc23b283c2,John Eric,latin
75a72702-a5ef-4513-bca5-c5b944903546,John Legend,soul
4d5447d7-c61c-4120-ba1b-d7f471d385b9,John Lennon,rock
144ef525-85e9-40c3-8335-02c32d0861f3,John Mayer,blues rock
589ef702-7f3a-4a1c-8f2c-4727005cfc0e,John Newman,pop
2547c5e3-314c-4332-981d-f18c902a4086,John Summit,dance
ea5fffd8-30d9-4628-8445-37601d52c8db,Johnnie Walker,
d43d12a1-2dc9-4257-a2fd-0a3bb1081b86,Johnny Cash,country
f760e8e8-474e-4dbf-9e93-ecb655803584,Johnny Cinco,
ff621094-2a76-401f-8398-b75b5fd2be24,Johnny Marr,rock
ab08ad0c-db8e-4663-9218-5af45cb44c46,Johnny P.,
ed29398b-bbf3-42a0-8eff-8631509c271d,JoJo,pop
4d99ad17-b29b-4764-a658-37020e308a6a,Jomar,reggaeton
255dca43-dd8f-4638-9f3d-8fdfca51c88a,Jon B.,contemporary r&b
a2a72dba-3a08-43c4-859c-4c7f5fcc9599,Jon Batiste,jazz
d4a93b0c-361e-4638-89a3-5f32b263136a,Jon Connor,
f57f0728-95dc-4c57-8b14-045d8819a5d4,Jon Green,
bb49587b-c813-4f03-96eb-27b8a388b621,Jon M. Chu,
4db5a9a8-42bc-4c9e-812b-067cbab04db7,Jon Z,hip hop
17678771-5799-4017-851a-319f25b6948d,Jonas Blue,house
6e019bc6-5c23-4935-94f0-4a896631d846,Jonas Brothers,teen pop
adfa9d07-123c-4dc8-b1bb-99282b166b60,Jonathan Davis,alternative metal
507bfc70-60de-4c83-b9ed-94f4125f2f51,Jonathan Emile,
d971a9d9-6db8-4ef1-a356-dfa76acdc0d0,Jonn Hart,contemporary r&b
82b88790-b683-404c-8e89-b57c7eea237c,Jooba Loc,
4587105d-7469-480a-9ed5-1513af9a91c9,Jordan Adetunji,
007718d3-080c-4e47-a2ea-f4551f8cc65d,Jordan Francis,
5508631d-697f-4839-a669-06637e5bcb90,Jordin Sparks,pop
844fddbd-4683-4c47-af81-12174addeb44,Jorge Milliano,latin
c63b3a59-cb13-4ed4-867f-b46f30fc7e45,Jory Boy,latin
649bcd05-f6da-4489-862a-14268b773041,Jose Guapo,
d07bca29-d980-4100-8cad-065a05f2b343,Joseph “Joe” Hahn,hip-hop
d8e1a8a3-01d6-45e9-8c18-968bedbb45e0,Josh Franceschi,
03cb3c81-c795-4be8-b214-fa10255d03e1,Josh Osho,
a9e4650b-42a6-48f1-854c-59a2d7e7239c,Josh X,
cd3b292f-86bf-4f34-b938-da79242582d9,Joshua Bassett,pop
28749f29-e6b6-4ee1-b3b7-6330f2087098,José Antonio Rodríguez,
06ce3b27-f371-4a77-9b4b-1f0e71f59e61,Jowell & Randy,reggaeton
8542f9a4-bd91-4066-91cf-359d2d9950db,Joy Orbison,dubstep
cb862d76-90a8-4733-b8f6-69240d60d805,Joyner Lucas,hip hop
6c1800d8-2815-41e0-a5ca-25d7cde9bc9e,JQ the #1 Contender,reggaeton
4b0e0fcf-87ac-4e40-bb3e-50edc88eae20,JT,hip hop
324e3ea3-b9be-4e32-aeb6-eb25e7ea1fcb,JT Gaffney,
2dbd209a-077f-4d88-ac8f-a49a410623db,JT the Bigga Figga,hip hop
fe2d4768-80a4-4a00-b606-4872b6996a6a,Juan Magán,dance
ae6228ef-a0b7-4253-8b60-cdb2c1a7e125,Juanka,trap latino
4e1b9395-52d5-4ba3-9600-018d76e52dd7,Judah,
bea235a0-db63-44b1-881e-264d25791f5a,Juelz Santana,hip hop
21eb93ba-d54d-47e2-83b2-1d7fff5270e5,Julia Lester,
bbb184be-eef6-4977-9c02-2df0bf7eade6,"Julio Iglesias, Jr.",
23c8056b-ee13-4cfc-a772-2f5292e35bb5,Jung Kook,edm
f8bc8e44-7486-4910-941f-8e4d4978a4e9,JungL,
09507283-0073-4a6a-9bea-dded97ef4e93,Jungleboi,
065324d1-12c2-485f-955d-9eef408f92a6,Junior Reid,dancehall
e0140a67-e4d1-4f13-8a01-364355bee46e,Justin Bieber,pop
eca728a8-f6d1-4fc9-bdf1-d99cd3f5f3ce,Justin Hawkins,hard rock
e5fdb46c-eb73-4820-94ba-5dd5b35948cf,Justin Quiles,latin
b0df454c-3324-4d21-b8ae-3ea9b52cec72,Justus,
46871eb8-c085-4d8b-aefd-5ea6489a40c2,Juun,
ba9afaf0-ef3a-42a6-afe0-f924193629bb,Juvenile,hip hop
f29e031f-c6b6-4d52-8edd-dc8e14378e74,JVKE,alternative pop
d021292a-6cda-418f-bc52-0a04afcc6c1d,J‐Black,hip hop
cb651d9f-adc1-44e7-8fe9-818ae36cbd2b,J‐Love,hip hop
6256d2b2-7515-4986-b27c-af533758a156,K Camp,hip hop
08a4c950-0372-454c-9a7f-c4477642152d,K Macc,
24d60e23-bee9-4100-912d-35c2ccf8b4de,K.A.A.N.,hip hop
caced027-cf2c-4327-847c-71d6d9c2d417,K2Rhym,
28205293-8dba-4d2b-8cf2-50e25294a0a5,K4mo,
870c3759-8e2a-4803-8cbf-644f3543830d,KAAN,
55e5602f-64dc-4fe9-a3e5-9b22b6c3c805,Kaash Paige,alternative r&b
d1393ecb-431b-4fde-a6ea-d769f2f040cb,Kacey Musgraves,country
f33e8fd2-8536-42e8-9169-fae50f850dd9,Kacy Hill,alternative pop
d0c7656d-8169-4f77-9dbe-b8f24e40105d,Kali Uchis,alternative r&b
7377f1de-5c42-4567-b0a7-7d9592548268,Kameron Alexander,
a62e299b-4707-4ff5-ad53-d80b2b03319d,Kane Brown,country
2bf3971e-8595-4bd2-aace-8a71c42afb66,Kano,grime
4fb93269-e945-41f8-889c-28209c789401,Kap G,
0c3fe1fa-edd0-471c-b6a1-87472da86167,Kara Jackson,folk
03647192-f55b-42b2-9a74-db28fcae8fd1,Kardinal Offishall,hip hop
c56af06d-16dc-40bf-bf32-e158f1d197fa,Kario & Yaret,reggaeton
de22adae-f8ac-414f-b653-b0162611bd60,KAROL G,reggaeton
69b39eab-6577-46a4-a9f5-817839092033,Kasabian,alternative rock
29ed4a49-fb99-4a5c-8713-609cabe6f34a,Kaskade,electronic
375c423b-ce87-490d-b9cb-b1c1b0f51a99,Kastra,edm
8541a151-c623-41ef-89b8-93b4db79643a,Kastro,hip hop
050047e4-9a6f-463d-92ac-279bc3690c9a,Kastrofobia,reggaeton
ddd4c4bc-a4ae-4946-b59c-a86aea7fa4f0,Kat DeLuna,dancehall
3ccce775-8f7c-4f66-bf85-67423a75a4e7,Katie Got Bandz,
f1272428-d9a5-4c96-acd4-6e9f59974fc0,KATO,house
2de16d00-d8e0-47a4-9e46-deeaaf363b44,Katt Williams,
6b0ddbe6-0067-4377-897d-95a5d73dec5e,KayCyy,
b70f17d1-cf38-41b6-9b33-1b784d433dee,Kayse,g-funk
85e20f38-8d17-4526-9511-80e04b5c1ee7,Keak da Sneak,hip hop
3260ce89-5eb0-4c6a-89c7-379c0dfc2ab9,Kehlani,neo soul
e64bf907-c90f-4cf1-bd0c-81593b42d4d9,Keith Moon,rock
df6bcd60-5353-49ca-8cbf-0c748b0a16f3,Keith Murray,hip hop
c0f5466b-eaf8-48b1-8844-053f64a5d742,Keith Robinson,
f45da029-7b00-4bf3-962c-0eeb20309cc4,Keith Urban,country
1239d1bc-cc09-43e0-bcd0-374f60346138,Kelis,contemporary r&b
e91466e9-e518-4b02-9198-a6c338694c9d,Kelli Ali,
d339efbb-77b9-4147-ba9e-59f2f24550b2,Kelly Clarkson,pop
31bea673-d23a-4889-8da1-7cb040863268,Kelly Rowland,contemporary r&b
779d1126-e48c-43f2-8b51-005f3b116d7e,Kelsea Ballerini,country pop
860d7dc2-618d-437e-a3bb-7b91c2d40095,Ken Carson,hip hop
6dec936a-82b7-42ba-b1c3-236fa6ea453d,Ken-Y,latin
43f28d78-3566-4fd2-bdae-a15bb6342d16,Kenai,reggaeton
b524385b-c3cb-4ee0-b9c1-91bf0a4a79d3,Kenan Thompson,saturday night live
74be1870-a180-4f0a-9a0d-4e90ab4827c6,Kendall Morgan,
289b0796-7b37-438e-bec8-c0590961c4cc,Kendo Kaponi,reggaeton
4cd556a5-db82-43f6-8d55-99598b42da8f,Kenny G,smooth jazz
15042d2b-2d4c-4451-a96a-6f547642de13,Kenny Loggins,pop
42c5e9b5-5cff-41fc-aca7-fb0bcf555bc7,Kenny Mason,alternative hip hop
b76c616a-ec0d-4f0c-b986-f249c4a04d77,Keri Hilson,pop
fab34286-b8e1-4879-bce3-194e1358fbd2,Kesha,dance-pop
82b2d022-c95d-4ce7-b65a-1cb3fd35d624,Kevin Flórez,champeta
0c41b966-12e8-4c9b-87ea-af47798987b6,Kevin Gates,gangsta rap
727105fb-1a82-423f-9b3c-e29c7ea0fb4c,Kevin McCall,
8d88f6cb-f4dc-42f1-b5b4-23b861810e8b,Kevin Pistol,
63a94fb2-e193-40a9-b738-1a6b0dfe851a,Kevin Roldán,reggaeton
2a0cce30-071b-4ba9-bf78-ae76c9eb7316,Kevin Rudolf,pop rap
716c711c-b9cc-4b83-bfd9-dc14bdc1e770,KEVVO,
ed039a68-b775-4a8b-942a-3c73eac97ab3,Key!,trap
ef73e6ed-9096-4ddb-9799-b94874d0ce33,Keyshia Cole,contemporary r&b
e0122b5e-5aa7-4d61-822a-e14ab72b4c84,Kiana Ledé,hip hop
60614320-9caf-4ae4-bded-7140672fdf8a,Kid Ink,pop rap
7eed0e98-9bc7-4702-8bc5-92dad58d9b4d,Kid Trunks,
877d4259-3efe-4626-bdef-c140bc9a5a9a,Kidd Kidd,hip hop
dbc26631-5e61-4ba2-84ff-e1423a1c288a,Kiiara,alternative r&b
ccb4d559-44f9-4927-9cf3-cd1530cc5bcc,Kiki Dee,soul
12fcf751-b8f4-4828-9f86-89787d3e70c2,Kiko el Crazy,
ac0d98f3-90c0-4cc0-abb6-fe3c85ae735f,kiLL edward,hip hop
51b9c5ff-c2f6-4c78-a5fb-8b1cb578c522,Killa Kyleon,hip hop
47864525-aea7-439a-800f-17c57e51cbcc,Killer Mike,dirty south
d100076c-3fb2-4854-a1da-315ba216b9a2,Killstation,cloud rap
19301485-ac9c-4dad-885b-cd8e8c8b4184,Kim Gordon,indie rock
54fc0558-12b5-4854-9d57-9441bcd73a72,Kim Petras,pop
ad0fc777-9774-46ba-be5b-5d1b25a4ee97,Kin$oul,
68ddabb6-abf4-4ed0-81b9-b34715e48d34,Kindred the Family Soul,
107f5d8b-864b-462a-a67f-05b5ab78bb17,King Combs,
1692cc4e-c8ce-47a7-808e-cadb02787c20,King Sun,hip hop
7ec04edc-59ce-4fc4-8c0a-f519f38be4fd,King T,hip hop
2ae5ac16-1d41-464e-8fac-e856d91dd822,Kingdom,hip hop
44978f80-55bf-4d29-84a1-8d4d0623abd1,KirbLaGoop,cloud rap
696e90d0-02bf-45d5-9588-91ee9031d565,KIRBY,
685332a4-12ed-4c3b-8d0e-04e6a37e28f0,Kirk Franklin,contemporary gospel
7e08b1ef-cc96-4b9c-a175-e64aa022bc1d,Kirko Bangz,hip hop
d71aa474-76e1-4c5c-8d5b-778e4bee708d,Klaus Meine,rock
0ed37675-6b02-4bfd-8dde-747ccccefa39,KLC,hip hop
1c1b0fbf-f123-4fa9-9a51-4777107d6ae2,Knoc‐Turn’Al,hip hop
dde30785-ce0d-47b7-8cfd-b47d8730a2ff,Kobe,
1e730ffe-ce0b-4af6-bfd1-9c55568ad880,Kobe Honeycutt,
5ec1ecc6-4535-4911-a27a-e26343f4a189,Kodak Black,hip hop
57d9c868-317b-4d3c-baa9-8e1357385411,Kokane,hip hop
852665bd-7089-4119-a77d-251162346b4c,Kool G Rap,hip hop
4939695e-1f38-496f-978f-4ebf9ef13e9d,Kool Keith,hip hop
2e0d05e0-d147-46e6-be51-8ffed2a9e0da,Kool Savas,hip hop
74425677-ddef-4e74-a201-7602316a718e,Krayzie Bone,hip hop
b87b38cc-b446-4a0c-968a-addb0e244c9d,Kreayshawn,hip hop
9031b393-ced7-4685-9e25-d0b43996158a,Kristin Chenoweth,christmas music
b5b5936b-3319-4342-b022-cc262a48263e,Kristine Opolais,
93a1aab7-bdbc-4334-bcf6-6889f7a2682a,Kristine W,vocal house
fc4568b6-cbe3-4a3d-8409-28510c19e3e2,KRS‐One,hip hop
333cf594-2b90-429f-88f4-a93e6c64cbeb,KSHMR,big room house
633988c6-16c7-4f79-b5ef-d48281d17567,Ktree,
229c068d-d621-4ae4-8880-6c6a3eabb0ee,Kuniva,hip hop
2d426795-11cf-4210-8d65-2bec5eb364c6,Kur,hip hop
abf9f319-da2f-4fdf-a3e4-40c4d0b0075d,Kutmasta Kurt,hip hop
d1884ed4-58ff-407c-8220-2b3ffa3d5619,KXNG Crooked,hip hop
ba0e7638-0cd6-4ff4-8987-c3e224d22c23,Kygo,tropical house
9cafcf3d-3d50-490f-93fb-cd2d46345355,Kyle Rifkin,
01d4172a-189b-4c56-8f64-dc2c4a43a7b9,Kylian Mash,
2fddb92d-24b2-46a5-bf28-3aed46f4684c,Kylie Minogue,dance-pop
23d1dfc6-0281-488a-8e32-ef7ddc279fbc,K‐Ci & JoJo,contemporary r&b
bbd20d4b-1032-4541-88e0-8b4a70e42019,L.B.C. Crew,hip hop
acee40bf-f210-4516-b376-c56ed78c24da,L.T.,reggaeton
773c48db-eb0c-491f-9a36-633d72dcee8d,L.V.,r&b
f9ce92a7-5d3a-43a7-93c5-2e2271e96b0c,La the Darkman,hip hop
52d9ef76-f25b-45ca-bee4-ed6b801e6948,Labba,
dc99e6fd-c710-4f79-b74b-127b4d0b7849,Labrinth,hip-hop
be23dca9-50e8-455d-9029-1372b299aff0,Lady Saw,dancehall
a6e613d6-ff65-4972-beff-303a1b10ab05,Lainey Wilson,country
3f0f4358-4c48-4bce-be34-acf61d24df0b,Lalah Hathaway,soul
30c2fb57-b8e8-4fad-966c-41f7b3097d2d,LAMB$,
3e149ad9-5a66-48de-a4b3-45ddd3be2da1,Landon Cube,
20d49152-11a2-4e55-8251-0d11dc6424fa,Larry June,drumless hip hop
c76e3bb8-eb63-41d6-b45a-a0b1e172a3ca,LaRussell,hip hop
faa2f0f5-14bf-46fd-85a1-486263bb64bb,Lary Over,trap latino
1ea16d4c-7475-451a-b820-a033794bcf85,Late Nite Tuff Guy,
ea5103ad-44ee-486b-a90e-b052beb5e87b,LaToiya Williams,hip hop
355cc194-b8db-4af2-8678-c7ad54213f4b,Latto,pop rap
e58f052a-faff-471a-a00d-657b06f01e5f,Laudie,
3d4ed9ab-6cc8-4276-9c88-6195bcad986d,Laura Broad,
23d0b15f-b6b5-489b-b2a1-0333bd8db44b,Laura Jane Grace,folk punk
b6e422c0-7b97-4347-bd78-8d8dfade38a9,Lawrence,funk
c61bf63b-53ce-4c85-9208-9c44dd2e5c2e,Laws,hip hop
d500a17c-06cb-466d-afd4-f100a18d3afb,Layton Greene,
89933299-e8e8-475d-9ff4-100accfcb298,Layzie Bone,hip hop
f8fb9acf-9e00-4c37-acce-1fd06abd8c0a,Lazy Rich,complextro
9092d8e1-9b38-4372-a96d-000b8561a8bc,LeAnn Rimes,country
a966b097-7981-40c5-82b4-79c6fe28932c,Lebo M,
f57d8a69-ed3c-4d18-8bce-0083b162fae6,Left Brain,
9f57f48c-706e-4dc3-9c67-a790e44ae930,Lefty GunPlay,
7bc012a7-c5cc-4e7a-9ca6-15db02bbcde4,Lemaitre,electronica
b7179522-d90d-4b02-8082-af4e3589f337,Lennon Stella,indie pop
f0d4e169-33bc-4ab7-8054-df73c65323e4,Lennox,reggaeton
9ded7dc2-70e1-4cdc-9845-27ad38c9e5fc,Lenny Tavárez,reggaeton
d4cc0ed5-0f76-4188-9e14-2a23ca12188a,Leon Russell,blues rock
8d552dfc-648f-401f-90de-e925013ca537,Leona Lewis,contemporary r&b
f5ecff2e-501f-4ed1-a32f-2010dd610552,Leony,pop
e79cbc79-426e-4efe-85e5-26379f241178,Leslie Grace,bachata
764b0653-1855-40a2-85dd-98dabecb5efb,Leven Kali,
03098741-08b3-4dd7-b3f6-1b0bfa2c879c,Liars,experimental rock
f1e169d6-3288-49c3-aa8b-a372c841752d,Lil 1/2 Dead,gangsta rap
1550f952-c91b-40d7-9b4d-d26a259ee932,Lil B,hip hop
3a0f3db6-4178-4bdb-990d-d1db5284c5bf,Lil Bibby,chicago drill
88eb9773-7b6d-4923-8d57-4322ce559c67,Lil Chuckee,
80c515a0-8fd3-4799-8e76-e571c71436dc,Lil Dann,
3268f062-6e76-480a-a384-e1dd2a276afb,Lil Dicky,hip hop
75e629a5-8433-45db-be91-742b20fb537c,Lil Double 0,
6934e720-b6f6-4499-9a11-4377048a87be,Lil Duke,hip hop
9097af9e-1655-4f48-bc07-8165773b0644,Lil Dump,
c9cd225b-4883-428e-82c2-73e0b6282fb6,Lil Durk,hip hop
ba137100-b970-4ede-b813-d6da542a24b5,Lil Duval,
fcd285b1-ce9f-477f-a577-6933cde84210,Lil Gotit,hip hop
a95384b1-6aec-468c-ae0d-8c6daf87c4c2,Lil Jon,hip hop
874367ae-8bb4-43eb-87f4-809f792ba66f,Lil Keed,hip hop
194e87c9-b3fe-4fbd-82a7-8c54b4dd4c76,Lil Mama,east coast hip hop
593a2201-ef5f-49a7-9ee6-4276a5cfa472,Lil Mouse,
0b30341b-b59d-4979-8130-b66c0e475321,Lil Nas X,pop rap
65a01fd2-35fb-4817-90d5-ab5506b21161,Lil Pump,hip hop
45d2c319-5f6f-4625-baab-9dd08b3c7cef,Lil RedDot,
d44b92db-dd49-4636-abe8-7c381f90b7aa,Lil Tjay,drill
93fb4337-654f-4859-82fa-c413dd8ef8df,Lil Tonya,gangsta rap
ff94e0f3-8f1a-418a-a0f4-4c4a100603dc,Lil Tracy,cloud rap
c33d9d64-a760-43cd-bad3-520ed37bb004,Lil Twist,hip hop
73e96457-62fb-4336-9ae9-f0f686fc9e74,Lil Woofy Woof,hip hop
a668565b-41b8-44a8-9d5c-8e609dbf69fc,Lil Yachty,hip hop
ef9a2ad8-3ddf-4406-b706-e7319ac0d1b6,Lil’ C‐Style,
981d39fc-bd00-4cc6-ac67-6410f8b89098,Lil’ Flip,hip hop
bc1b5c95-e6d6-46b5-957a-5e8908b02c1e,Lil’ Kim,hip hop
8f9d6bb2-dba4-4cca-9967-cc02b9f4820c,Limp Bizkit,nu metal
86e8d0f5-68e8-4875-979a-c46205be3f66,Linda Martell,
53e40f93-f4af-4f8c-819c-7bbe4b6f0a1c,Lindsey Stirling,classical crossover
3cb25fb2-5547-4b05-adec-1a5e37830d46,Lionel Richie,soul
30aeb57f-bb16-47fa-86ca-79fc57b4d12c,LISA,hip hop
d21ac466-de54-4fde-8b5d-74ba60f192df,Lisa Evers,
8f632c44-c97f-4b12-b1cd-caf2c6e2ed06,Lisa Stansfield,pop
42645d41-cb2b-43d9-8996-8ee4b637e7d1,Lisa “Left Eye” Lopes,hip hop
f9faf825-55c8-4582-8f4e-4aa91212fb99,Lito & Polaco,latin
b869823d-292d-478c-87e7-a932bc91b3df,Lito MC Cassidy,hip hop
c8a9ae11-63bf-409b-8bf3-a96b3712a2ff,Little Dragon,downtempo
38f59974-2f4d-4bfa-b2e3-d2696de1b675,Little Mix,pop
3cdb40fe-a63e-4bb9-b40d-17cda5f50979,Little Simz,hip hop
de53495e-ad5a-4c30-82ab-05e7e3ec7b4d,Little Steven,hard rock
8d7b2288-dc37-429f-a99a-8ce1e42641db,Liz Gillies,easy listening
854b2bf2-daa0-4d6b-b963-298933d2bfe5,Liz Rodriguez,
34cdf83c-0ba8-4411-814f-c3ef44588521,Liza Minnelli,jazz
8fb5370b-9568-4b61-9da5-2aa12c9928db,Lizzo,hip hop
a4dd0e77-83b8-4e92-89b7-effb0e47fd8c,LL Cool J,hip hop
e9296a90-9c59-4657-9165-1f1b5319de00,Lloyd,contemporary r&b
ed5d9086-e8cd-473a-b96c-d81ad6c98f0d,LMFAO,electropop
713e751f-3ddb-4b77-b3b1-9e6f2e953ad5,Logic,hip hop
226d3bc2-18c8-4220-b762-4294873977dd,Lojay,afrobeat
65a0b797-73ce-435e-9f8a-7b10d0b7136c,London on da Track,hip hop
6a3ec2a4-204e-4825-a82f-c3da7292192c,Lonely Boy,house
2e1a4755-b4ae-4fae-8548-85ec42aa1c07,Lonny Bereal,
e16520c2-8b54-48a9-b3f0-0eeb9a7a2b9e,Lonzo,
8e494408-8620-4c6a-82c2-c2ca4a1e4f12,Lorde,pop
0529a9e0-befb-4d9f-b6f9-1ccd7c83053e,Lorne Balfe,film composer
1252ed9d-d11b-4176-8377-63fdc7c6fbaf,Losie,
8c67f041-d259-4b9a-8840-e08e62ffdf37,Loso Loaded,trap
ea7260de-e1b1-43f1-bb11-f78274a36308,Lost Frequencies,house
cd1fec4c-8a52-4e6f-a298-8f91a3720081,Lost Kings,edm
500b8564-4874-43e4-8176-d5725baaf478,Lotto Savage,
4d3db96f-2578-408b-96cc-46e2b1e6ced6,Lotus,
9d1ebcfe-4c15-4d18-95d3-d919898638a1,Lou Reed,art rock
b1aaa815-a037-4703-ac40-9e21364d6943,Lourdiz,
b4cb1fe1-7de8-47de-ae76-d20179636fdf,Low Pros,
c0a6f987-f592-4c8c-b770-12d12a0c36f6,Lox Chatterbox,
8d79b49a-143c-4807-bd44-6c985a4655bf,LSD,
218dae96-90ed-41cc-abbd-0a86aae3f3c0,Luar la L,latin
d1d89d78-2563-429d-bff4-7694f0d7571a,Lucci Lou,
705076ef-a0c5-472f-bebd-3e72174fcaf4,Luciano Pavarotti,classical
d0fdef2f-9546-4d4d-9047-27c401490962,LucidPP,
9ccaca30-60aa-4890-ae6c-ab55225ee274,LUCKI,trap
a7472b5e-9b6e-48a6-b910-37c940487086,Lucky Daye,alternative r&b
78471616-3cb4-4139-a148-aeac3c7d0f79,Ludwig Göransson,electronic
f1642d37-bbe2-4aff-a75e-86845ff49fa4,Luigi 21 Plus,latin
646eebe8-1fd7-4464-b0f4-910ae51ee1ab,Luis Vargas,bachata
c20ee61f-071f-4e65-9c81-45ee931a54ce,Luke Combs,country
002e9f6e-13af-4347-83c5-f5ace70e0ec4,Lulu,pop
cabbb345-e61c-4e80-a0a8-a3beb2823851,Lunay,latin
73bf149f-bd0e-42ac-b0c1-dddb7b8e4ab5,LunchMoney Lewis,dance-pop
cf15719f-51f9-4db8-a15d-5eed9664ce69,Lupe Fiasco,hip hop
8fa1953e-ed99-40d4-a396-a18e4717192e,Lute,hip hop
816d9b5d-eaf9-4a97-b5f7-6e82cd01aafe,Luther Vandross,soul
8e6dffb3-942c-4979-9f7a-c73b20525e73,Luvaboy TJ,
cc7d4686-ea02-45fd-956e-94c1a322558c,Lykke Li,indie pop
702c816c-18fd-4bc3-940c-27ce39b81958,Lynda Carter,blues
2347cbad-eea9-485f-ad89-00da3065e129,Lynn Carter,
00b1de68-92a7-4812-80eb-a3a0f54d8621,Lynne Jackaman,
96ef1754-91c4-4006-99b2-c26006fde42f,Lyrica Anderson,
ff0a489b-7e25-48de-a879-169db7b936df,M. Shadows,rock
7cf0ea9d-86b9-4dad-ba9e-2355a64899ea,M.I.A.,electronic
dbe35fab-1b3a-469b-87f0-6a54ef8de3c4,M.O.P.,hip hop
09314fcb-7052-45c7-b44b-0cdb2e1c0ed2,Mac Lucci,g-funk
84490594-c358-40c1-8c27-14bcaeb825e8,Mac Mall,gangsta rap
a0e8a1b1-5f8f-475a-a253-17415c17d0ff,Mac Miller,hip hop
095c7228-1611-4194-94ef-0b573a593641,Mac Shawn,hip hop
8bef70d1-5a20-477d-9d76-fddb412a79d7,Maceo,
cf5ffa07-4fb4-47a1-9d61-8721ae9af576,Machel Montano,calypso
c3b4e25b-977f-4cb6-96d7-f68afbac732f,Mack 10,hip hop
f5e17326-eb32-457f-a986-1e0532507f32,Mack Maine,hip hop
9fa9eb01-3133-4a0b-92fd-0253559026f5,Mackned,hip hop
22b85a69-e015-4f39-929b-bbff9f0f72b9,MacShawn100,
89304e0a-2b2b-4421-9dea-01ad3e76168b,Mad Cobra,
7849e04f-7f26-4bb7-bbda-c694393ccd56,Maddie Baillio,
fa1de503-aba7-41fa-a1ed-371b3e87a717,Madeon,electronic
bd365066-324d-44a4-baab-08d1cbc0842e,Mae Stephens,
5e7ac01f-0a87-4df6-abf3-31a6acb33633,Maejor,hip hop
3f6f9c97-f430-4f0b-af83-d89d33c4c1bd,Magic,hip hop
e720dbfe-b8a2-490b-8d38-459bc61040bb,Magnate & Valentino,reggaeton
b4e2b083-6714-4ad0-bb35-ca5a5b936c92,Main Attrakionz,alternative hip hop
2c2cc2fe-0dcf-4995-8199-91fd5f159323,Maino,hip hop
abaa7001-0d80-4e58-be5d-d2d246fd9d87,Majid Jordan,alternative r&b
75be165a-ad83-4d12-bd28-f589a15c479f,Major Lazer,dancehall
8b3d2794-4ba4-4e96-9294-c863379b02ae,Malachiii,
9d2097eb-c989-4c16-9296-5c909ec6cca2,Maldy,latin
fad7830c-d773-4b61-964f-caa1fc3d6c9c,Mali Musicians,
ba4e99b9-0818-4843-b815-b074b817fbf7,Maliibu Miitch,
b452711d-4f77-468c-99f8-8d2e621db081,Mally Mall,hip hop
e8979f75-9110-4df8-ac70-898898d080d1,Maluma,reggaeton
64c99354-b025-4f3d-8232-f1490007cad6,Mambo Kingz,trap latino
77db0c38-91d3-45de-9070-6b756795ba1f,Mams Taylor,
da8bf3c0-15ca-4de3-bf8b-59128b8bb23d,ManMan Savage,
8b757fc8-31f5-4df1-9a46-5193a4b3445c,Mann,
34dc70df-8b2c-4bb0-a132-0958671a509c,Mannie Fresh,hip hop
30a57b7b-47c9-4234-86fd-9b8ff660e7cb,Manuel Turizo,latin
55441123-89a2-49ab-ae3f-df7a3e86835a,Maná,latin
8f8f6302-c9e7-4ea4-a1c4-ea8c80f9e988,Marc Kiss,
109357f0-eb37-4672-9697-dca8c83a61b5,Maren Morris,contemporary country
9601b153-3dc4-4f26-b092-99e9e8f88b84,Mariachi Divas,
9aab3aaf-d99c-4a4c-8dca-e4bf2e8c0404,Mariah Angeliq,latin
494e8d09-f85b-4543-892f-a5096aed1cd4,Mariah Carey,pop
5fc55ebf-21bd-4eda-954c-dd250132331e,Mariah the Scientist,contemporary r&b
80cadd99-f560-41e3-babd-16292bbd248a,Marilyn Manson,rock
f236134b-7ebb-4ba8-b155-1791193d05ec,Mario,contemporary r&b
9512a080-9c9b-4fee-85a5-2b8aa0a7a264,Mario VI,latin
531945f0-aae9-4840-b7eb-a3ae3d451a84,Marjorie Grande,
47a6bd2d-ce36-4e36-b4c9-a546546c8313,Mark B,latin
35e5ce55-486d-40a4-9ab5-08de9be70d33,Mark E. Smith,post punk
e49f69da-17d5-4c5c-bac0-dadcb0e588f5,Mark Knopfler,rock
220149d4-7781-4722-848a-b030b1ea8af7,Mark Roberts,
c3c82bdc-d9e7-4836-9746-c24ead47ca19,Mark Ronson,pop
16bf7b45-2a06-4667-a858-7ea6bd9efe2a,Marley G,
2cb69885-e251-45ff-a03e-3638e9fbb3e7,Marlo,
172d526e-a783-4010-b790-78c7ac1350be,Marlo,
24285231-f192-42f1-baea-0f467dd1d8aa,Marsha Ambrosius,soul
c0f22dd6-1a81-4484-9a62-53d699674dbb,Martin Danielle,
c57d8845-bac4-4047-80a9-5ed6ed1008f3,Martin Yates,composer
5c207815-6bf3-4c65-8048-6b06fc38415b,Marty James,
48306100-4e82-4b42-a9c9-7bd1af2c8809,Marvaless,gangsta rap
53289af4-5882-4f41-93f2-da57ef3e6052,Marvelous,
afdb7919-059d-43c1-b668-ba1d265e7e42,Marvin Gaye,soul
7bcf1eaa-c3fb-40ce-9ea6-1042b5002a3f,Mary Magdalan,heavy metal
a69b643d-2cd9-4914-8a1a-3f3797a7323c,María Becerra,latin
76716b81-e361-427e-a931-19373388387d,Mase,hip hop
b9e18751-7b5e-4ce2-86cd-a02807ca264a,Master Joe,latin
615ce4d8-f324-4b62-8dd1-680858d0127f,Master Joe & O.G. Black,reggaeton
a5bd836d-8d8f-48a5-b0b7-dbb18b3264dd,Master P,hip hop
c0fe9d3b-526c-491e-9814-a81571ebf2e5,Mat Zo,drum and bass
fe4595d2-278c-42ce-93a7-356286b0d394,Matt Cornett,
8bcad393-2daf-4c40-94bd-915eca0762df,Matt Petrone,
bf216589-f012-41b4-abf1-0209995c0dc1,"Matthew ""Mdot"" Finley",
8116d0a6-f9de-42f6-b2f6-8c3c419043dd,Mau y Ricky,latin
82705f22-a8ec-499c-8f41-8ee6b47a9459,Mavado,dancehall
04f57a2d-2449-400e-8fff-5b1c5af9560b,Mavis Staples,soul
372119b0-2350-455f-acd8-6371bc947531,Max B,east coast hip hop
455a2d19-2e7a-478a-b5c6-d45ab2935ba6,Max Tannone,mashup
ffa12b9b-3842-443c-8da2-3e06dace2970,Maxo Kream,southern hip hop
029fbb43-ea37-47a0-8c68-803d69abfa5e,Mayer Hawthorne,soul
c16424b2-0679-4358-89a8-41ae279a7059,MC Breed,hip hop
d21f6dea-6dff-4022-9faa-29fbab3561d8,MC Ceja,hip hop
43e81abc-bd9c-4056-8c2d-6dfdf3902025,mc chris,nerdcore
103555b8-ae47-4e99-8fc3-e31bdfd7854e,MC Eiht,hip hop
b1fff892-2d4d-4819-b577-c68091802e85,MC Fioti,funk carioca
fac552dc-55e5-498c-818a-c278f1e02a75,MC Lyte,hip hop
a6f5f408-e37e-444a-a0dc-ea41a152dfcf,MC Ren,hip hop
562c3934-3f90-4499-bf36-3cf39b8ed0d6,Meaghan Martin,
ae179c54-c01a-4c85-b260-42eb925c6a85,Meanz of Operation,
016b6741-a443-492c-ae7f-fb0378d3270e,MEDUZA,dance
e3e898c6-904f-41e1-9c06-80624699d334,Meeting by Chance,ambient
6134700a-0616-4c99-b9a9-2ad6c1a454e2,Mega Sexxx,latin
ee27b2d8-648c-4a9d-a68c-e55066959975,Megan Thee Stallion,hip hop
bb0d75c3-125c-42b2-b894-2acf21a9bc92,Mekhi Phifer,
52ef10be-907d-4042-8b2c-c37248029b7d,Meko,
209e47f9-df65-47bd-9a40-4fb4c5c9c349,Melanie Fiona,r&b
f7504e7c-75e2-45e5-9c4a-f0c3e04fbd32,Mellow Rackz,
9ccc5e22-85f7-4b03-b8f1-19b03980906f,MellowHype,hip hop
80dba438-42ba-44c1-a6a5-6a7d86b96d29,Mel‐Man,hip hop
25ab7547-a4d2-480b-b028-c7f3497bc858,Men I Trust,dream pop
5a93f38f-29c7-4d49-9028-73bc857c41d7,Messiah,reggaeton
94dbfe2e-ca48-4e08-a5a8-e1e74136c63d,Method Man,hip hop
59db3d82-86ea-451f-881f-dffc8ec387c9,Metro Boomin,hip hop
81e6701c-12da-4c43-a249-b3da1758d46f,Mexico Rann,
6ce817bd-600d-494d-bd53-2a5f770cf0c6,Mez,
f6af669a-56ea-448a-a044-de76181ada33,mgk,hip hop
e8bee5d1-a3a5-4c1a-ada4-f1ca22101e84,Michael Bolton,pop rock
cacbe57b-02d0-4d21-be86-c8a3a5ea6e1e,Michael McDonald,soul
905a8f9b-03dc-4f47-b9bb-ecce7ea13ab1,Michael Stipe,alternative rock
1291cf91-36f1-461b-90f9-5638d3ec9083,Michael “El Prospecto”,reggaeton
fac0f203-eb89-4d34-a3c5-8e353356d756,Michelle Williams,contemporary gospel
bffe9445-fb2c-4616-bf04-92e34a7e4359,Mick Boogie,hip hop
5a150caa-fe13-4590-a50e-7778ee29b587,Mick Ronson,rock
23371200-72f9-4002-befe-bde4064d5bad,Midi Mafia,hip hop
285e1285-aecc-478f-a8da-0c8cf69e1217,Miguel,alternative r&b
6ed21abe-072a-4520-974a-71043f07e22c,Mike Ballz,
6bcc1ff2-65bf-4ac9-bb5e-560d2a30ca7a,Mike G,hip hop
5b64e344-b2fb-47bd-bd7b-4c793b17d472,Mike Posner,electropop
c8ae7140-9063-4ad5-9ce6-a5ba72e2516a,Mike Rizzo,
c262b6bf-be56-4b26-bceb-42d7a27342f3,Mike Shinoda,hip hop
5a2071aa-0787-49fb-931c-fa85ba86e681,Mike WiLL Made‐It,hip hop
92351dab-ff32-4257-a298-538676e37814,Mikill Pane,hip hop
ff4fc9b6-bdcd-44ee-b053-c1ccbe47fe4b,Mikky Ekko,
59bc1ba2-ce50-4c2c-985b-0502b281f19a,Miky Woodz,hip hop
7ffcff92-d71b-4f0b-a578-c959ded4ba49,Mila J,contemporary r&b
26afaedd-e99c-45b2-b7f9-6c4c2b33d90c,Miles Kane,indie rock
f57ceb78-1e1d-427e-8fad-30d63acf9d4a,Mims,hip hop
9e9c3750-1f90-4abb-a363-2907e728f2ae,Mishaal,chillwave
a0b8cb9e-7532-45fe-a74c-30e7c4009a39,Missy Elliott,hip hop
18d385e9-1448-463a-b623-981c3ac6ff86,Mistah F.A.B.,hip hop
a52e7488-98a1-4ffc-9243-7959ecf23d08,MKW,
9130b7d7-dd88-4502-a858-f4ba03d40f46,Mn Fats,
d75d1f08-bbb8-4eae-9877-399ca9121197,Mobb Deep,east coast hip hop
8970d868-0723-483b-a75b-51088913d3d4,Moby,electronic
75479dfb-8361-4fb1-9c4b-ba9a5623c95d,Moe Z MD,hip hop
96c60a55-5bae-41e1-8470-761d3139b199,Money B,hip hop
71d92684-2b02-40f8-9f2a-6c222662cd08,Money Man,
8971fa37-c402-474a-b897-e2bbc145b59d,Moneybagg Yo,hip hop
d0d172ea-89ac-4227-8aa7-3082343f1a33,Mopreme Shakur,hip hop
f85f6e24-192b-4fa0-9b38-0aff4a396302,Mora,latin
9c8ab6af-c34b-435a-8dd5-0889d3f4f4d9,Morray,trap
4bfe54b0-0a68-4c35-b1a5-17725131f979,Morris Day,soul
1cee1f74-179d-446d-8347-de31e8202f2b,Motion Man,
b3e4a255-5820-464e-9d1a-0fcd13d986c4,Mount Westmore,hip hop
a3fa3104-6c3a-410b-b0ff-b2a674c25bbc,Mouse Man,hip hop
dcbbd72c-2511-4d6c-a313-0b45bac4d229,Mozart la Para,latin
1fe697e9-f432-4953-94e3-555f2decc171,Mozzy,gangsta rap
72adb13a-800e-44b5-9aef-5c7d8cb6a2d7,Mr Eazi,afrobeat
585fee48-98c7-45b4-a47c-78d629b773b8,Mr Hudson,
cdef3c34-ae01-47c8-b7c7-acfd83a92bf5,Mr. Capone-E,
6a4afad4-2603-4418-a6fb-c111c02813fd,Mr. Porter,hip hop
a8d3e218-d8e2-4041-91e5-948f66bc6006,Ms. Roq,hip hop
7ae8c2a6-aff6-49e1-8f8b-853b4434339f,Mueka,reggaeton
d48d06ce-93b5-4468-9ec7-66c5c981f0c6,Mugeez,afrobeats
c5624fca-af43-499a-953c-68f5932f25e7,Muka,
66acfbaf-a28e-49c1-aeff-ef92e4358d90,Muni Long,contemporary r&b
d2a76e1b-cecc-4500-b445-d55591821cd3,Mura Masa,future bass
91376b53-c37d-4eed-ac24-63d167af6885,Murda Beatz,trap
29776960-786c-4086-8079-ef5b83a0054c,Murs,hip hop
47572f80-305c-4df0-97f2-53338e83a185,Musolini,hip hop
0612bcce-e351-40be-b3d7-2bb5e1c23479,Mustard,hip hop
6868d82f-6ee6-47a7-bd68-320a1f06bd35,Muszamil,hip hop
bc10eae6-63b9-41ef-9b37-db60ee584f20,Mxxnlight,
d2945137-b01d-4195-9f82-64d20f8ba657,Myke Towers,latin
c0c7bc02-89b1-489f-b005-3d24ee75506b,Mystic Davis,
1cfe52d7-181a-4b3a-8041-d8bf9ccef57b,Mystikal,hip hop
3fb49f5a-fdc0-4789-9c84-22b38b3f3cb5,N*E*R*D,funk rock
b864a088-6ec4-4e46-aff1-d71121970dfd,N-Trigue,
66efdfe1-110f-4da4-8281-1806a056de79,N.I.N.A.,hip hop
812d3015-2f4c-4fa7-bd7d-30ec4beb2c82,N.O.R.E.,hip hop
3a54bffa-2314-44a2-927b-60144119c780,N.W.A,hip hop
5bebab14-29e5-4ca9-aa43-d4b40c7fc933,N3WYRKLA,
608e2e7a-4109-4f64-8d56-20ef66e4dc1c,Naldo,latin pop
699660b4-a41c-4bf2-8a4d-8c35c7930a61,Nancy McClean,
e24c9413-49b6-4d4b-9e31-cf07d02a9782,Naomi Campbell,
6b82e30d-a923-489d-bff6-b14174b829e0,Napoleon,hip hop
0eea08e2-1363-4b36-bbe8-9691ae3892b6,Nardo Wick,trap
176a2b6e-13ee-426d-8c7d-fef09e425de9,Natasha Mosley,
405528df-2632-4730-80fc-83e775a97651,Nate Dogg,g-funk
292e4a04-ed9b-4963-8075-0576f1dc3487,Nathan Sykes,
2f0054f9-3934-44e7-ae61-493fbcfba76f,National Orchestra for Arabic Music,
25be91ac-7d7c-441f-a7d2-98e35d642e4c,Natti Natasha,latin pop
7bfe58bb-c4f5-4139-996b-82f9c375640a,Nature,hip hop
1e4460c9-4d4a-4eb7-b2a6-3718e6e1020b,Naughty Boy,pop
418fe547-4bec-48fe-8df0-ed25e27f4570,NAV,hip hop
276d7d13-c0c4-4e67-a165-8e3764e4a2f3,Nayer,
27f544f9-cb5d-45fa-b0f6-60ddcc417954,NBA 3Three,
ce99f42e-4126-4f54-a2d3-6c4e83aaf54a,NBA Meechy Baby,
b57db116-5947-462e-aa7b-3dd1ecb5be45,Necro,horrorcore
a9d7d1ef-4235-44b3-b157-ee8b91daa39f,Nedarb,
25e0915d-1f1c-4068-987e-ba4750a09d16,Nef the Pharaoh,
d721866d-5640-44ee-87f7-23dd062abd8a,Nekfeu,hip hop
811900b2-68fc-4d41-8bad-69b7a1f4d628,Nelly,hip hop
13655113-cd16-4b43-9dca-cadbbf26ee05,Nelly Furtado,pop
33c3a112-3a62-461a-b02d-763bbe168216,Nelson Mandela,has german audiobooks
587fd8ec-2e9d-4ce6-8bc5-97d0a9334883,Netsky,drum and bass
4585749c-5489-4699-9daf-1ffa9717179f,Nettspend,
4deb2e52-830d-412a-9326-71f3d2045a81,Never Broke Again,
8e1d63a3-2980-4d69-ba61-1024e8a6df4b,New Boyz,hip hop
090dafe5-818c-4bba-9ebf-7e3a651a5c43,New Kids on the Block,pop
a4a01f5d-18e7-4571-8c3a-76ec0e24e2d7,Ne‐Yo,contemporary r&b
42b221be-6598-42b0-8050-f4172ee5ec48,NGeeYL,
f72e0c57-94fd-447d-afdb-868e70d356d7,NGHTMRE,dubstep
e0019046-c0cf-44b6-bbc5-28596dd89e52,Nicholas Galitzine,
943e3724-27e7-4e23-9b1c-cc5d46b5bcc7,Nick Jonas,pop
9d5370f0-b4cf-46c2-86f8-b2c342b296e8,Nicky Romero,dutch house
0f7534a6-dc5f-46ca-a2e0-13d214cdd52b,Nicole Scherzinger,female vocals
d05a1070-3b05-42c1-af9f-6b0163ede194,Niecy Nash,
a4285c08-715a-4145-a217-49e98f7f0364,Nigo,
db1a36ef-fa59-48a6-a2d6-d6da432fdca4,Nio García,latin
410bbb19-8309-4a0b-9f87-3d65bde4a826,Nipsey Hussle,hip hop
18d6e8cc-13f6-4e71-9ae6-ea72262848df,Niqel Nut,
2873b450-13c6-4ca1-8ca3-646c25af3202,NLE Choppa,gangsta rap
2686bf60-cfda-42e6-8482-2b2d48ac8105,No Limit,
f00ff1e5-5fcd-4a47-ab77-970c70f63c53,Noah,
93eb85dc-878b-413f-840f-5fa48df6e15e,Noah,
5df148ae-78eb-495a-8a0b-d16f3105992d,Noah Cyrus,alternative country
319f70f9-7ca3-4fa8-bcda-c06ba3f9ba30,NoCap,trap
cd277e93-dbc4-4565-be57-44264413f28b,Noriel,latin
04d93730-f81c-450c-8441-d5f5fcf98485,Normani,
bbd5fd54-ed20-4aaa-82e1-e97c783a579b,Nova “La Amenaza”,reggaeton
5461b1c5-a2b4-4dc6-b8f9-aac70c8e9114,Noztra,reggaeton
4cf3b713-71c8-4893-ba80-34a79e2ccbc5,Nutt‐So,hip hop
96c5c9a3-6c9b-41a7-90cc-e7375afbfde1,NxWorries,hip hop
fe9de5f2-0923-4405-9cff-60eaecc72b25,Nyora Spouse,
0358ba98-0189-46be-b322-1f970df39dfd,O'Neill,reggaeton
7a9b460a-111c-452b-a05b-b15f05d33920,O.F.T.B.,hip hop
f3c48d53-8dfe-435f-84e6-1756754c4687,O.T. Genasis,
03d16c97-50b5-4f30-a73e-871c8fdc922a,Oaks,
c0f98b1d-1133-46d6-ab05-723a95cb5453,Obie Trice,hip hop
bc63417e-3248-47db-85b4-34c516e646de,October London,
92631c53-91ed-48f5-a09d-a104ba69cdc7,Offset,hip hop
aa2c5e55-57f5-42a7-a0e4-4a02cd9399b1,Oh Wonder,electronic
1a3f378d-4344-4640-9ca4-eff960bd1ac4,OHB,
de335e79-402f-4378-8b18-ec9e68d8f001,OJ da Juiceman,hip hop
09a6c10b-c32c-4f5e-a3b8-c8af4cfa0517,Olivia,r&b
210aa281-b8a5-464f-bea8-b7382aec82c4,Olivia d’Abo,
0b108024-ccb5-468f-b2e9-77ed4f5615c6,Olly Murs,pop
d50548a0-3cfd-4d7a-964b-0aef6545d819,Ol’ Dirty Bastard,east coast hip hop
4337817f-8c6c-459b-9408-0f1ebdd0c245,Omar LinX,hip hop
3ca09fae-fdee-4771-bab9-244708515a98,Omarion,contemporary r&b
924e20e6-fe82-45dd-8ff4-55642aad4018,Omen,
ea73b35f-7194-4c36-b365-af4994fdd9fb,Omen,hip hop
aad3b3ec-0e9d-4bdc-8ff6-217637948f74,OmenXIII,
fc0fa262-6197-4c29-8e22-22f0e369856a,Onyx,hip hop
4e3e411f-83b3-4117-850c-efa01205efa4,Onyx Creación Divina,reggaeton
dc9dc7b1-b74e-4693-98bc-2af0b82231de,Orru Jackson,
ff609eb0-5425-4963-9e55-85d729f4648e,Otis Spann,chicago blues
ea745294-9bcd-4d41-99ee-ae4ec9d0438e,Otto Knows,progressive house
2013f3af-51a3-404d-9afc-91b3f277ea4e,Oumou Sangaré,african blues
73fdb566-a9b1-494c-9f32-51768ec9fd27,OutKast,hip hop
60f063f4-0ad9-4070-9801-3cf017728c44,Outlawz,hip hop
25f004ca-c396-424a-a726-3ea4784adadb,Outsidaz,hip hop
b841d0f2-0a2a-4cb2-a2d8-9895b7f90bfa,Overmono,ambient
6d93fd9c-b65b-4f61-b0a2-8bb2dca933ff,Ovi,cubatón
f2651b63-a44d-4d1d-ba64-d981d971ecd1,Ozuna,reggaeton
8aa5b65a-5b3c-4029-92bf-47a544356934,Ozzy Osbourne,heavy metal
fa094e8e-ce2f-41f5-829f-a7f650b76084,P Money,grime
3909678a-0f78-43aa-a741-93518ff0b40f,P Yungin,
f4d5cc07-3bc9-4836-9b15-88a08359bc63,P!nk,pop
d9550ac2-7bcf-4655-a3fe-24922e254a74,Pabllo Vittar,pop
d85161aa-0a2c-46bb-952f-a386979d808c,Pac Div,
0c924891-9260-4946-8e8e-d71b544293f9,Pacho el Antifeka,reggaeton
c3aa624f-9b04-4414-b3f0-1f844d165440,Page Hamilton,
0328f44f-8519-4e3b-b6c5-019591751e4e,Papoose,hip hop
bc4cc656-f03a-493a-b250-6afaa4cd7418,Pardison Fontaine,
e0214160-edff-46e6-a108-39dab5f19c72,Parker Ighile,
a19871bc-b2d4-4f80-b158-8dbc1f17bbe8,Parlay Starr,
d1947987-9614-49ae-bd36-8000e6b6f7d0,Parliament,funk
47388143-87f0-45da-9f46-d145feb1626b,Party Favor,electronic
f23ef341-33bd-47c1-b83c-846a78581f05,PARTYNEXTDOOR,alternative r&b
186e216a-2f8a-41a1-935f-8e30c018a8fe,Passenger,indie folk
4b21201d-6ee6-4164-9339-06997e2e808c,Paul Butterfield,blues
ba550d0e-adac-4864-b88b-407cab5e76af,Paul McCartney,pop
7bf1f441-ccf1-4258-9797-07c8d16eb44c,Paul Oakenfold,trance
723f72bc-b000-42cb-a20d-9f43fee17456,Paul Rodgers,rock
61a48dab-a214-4760-94a7-28267a2725a9,Paul Russell,r&b
64c43453-f396-42b1-bff5-01644d710d94,Paul Simonon,
505cc7ac-b92c-46dd-94f2-e22b18fdcf57,Paul Wall,hip hop
967002b0-58ef-4b22-a58c-fbc631ff695c,Paul Young,blue-eyed soul
17ed12c7-a9dc-43e5-81e0-ebee2504c0c9,Pauline Black,
3c490f79-d333-47d6-8a4a-8d676da4d1d2,Paulo Londra,hip hop
c37cb509-b7fd-4212-a6fb-163535eba4c1,PEEKABOO,dubstep
022a76e2-429b-4c88-8736-005003ee0f26,Peewee Longway,hip-hop
72e34258-8fc3-48dc-85be-c374d5783e6a,Penelope Magnet,
71b9b37a-fee0-4809-9c49-8e34709c7add,Pepe Quintana,latin urban
75e4f8ef-34c3-44fd-8467-88a7d9599f77,Peso Pluma,corrido tumbado
be540c02-7898-4b79-9acc-c8122c7d9e83,Pet Shop Boys,synth-pop
39a973f2-0785-4ef6-90d9-551378864f89,Pete Rock,hip hop
7b42e4cf-650b-4fe0-bc7d-c95e31247729,Peven Everett,hip hop rnb and dance hall
c1a1e1c0-9c27-4fc6-bd8b-afb958456d27,Peysoh,
a4d62ced-2f87-488a-9c76-ab88ea7a2cbf,Pharoahe Monch,hip hop
149f91ef-1287-46da-9a8e-87fee02f1471,Pharrell Williams,contemporary r&b
401c3991-b76b-499d-8082-9f2df958ef78,Phil Collins,soft rock
3d2ee04c-c21d-424d-91da-afd66258438e,Philip Lawrence,
96855c21-b832-4366-ba12-0d2330c36a86,Phoebe Bridgers,singer-songwriter
fb0b3aca-b424-413c-820b-a1b80b14edee,Phoebe Ryan,indie pop
3f685d7b-8382-4956-8669-b94943fb9729,Phoenix Orion,
5b023228-973f-4ca7-800e-dc0cb91c556d,PHresher,
f9b857d0-3115-486a-8a87-1e8c11ad7d46,Pia Mia,electropop
f205dc2f-2a6a-490d-bacb-bb0ad25796f4,Pilot,
d733fc9e-e5b3-4aa7-9069-daa4758cf1de,Pilot P,
03f77665-e514-49c1-b398-067c3e3e51e0,Pimp C,hip hop
12081e7b-df21-46f9-ba2b-411f2fa99c39,Pimpin Young,
ac3cd893-c3ec-48bb-8ed9-db9b13058867,Pipe Calderón,latin
b1caae3b-3f57-419f-9df9-e250a94275d6,Piso 21,latin
be0d7749-0974-48ba-93bb-6e974ec193a2,Pi’erre Bourne,hip hop
45bd3354-9d90-4083-bdfb-938e27fed6c2,PJ,contemporary r&b
d0bb100a-c0d6-4ef7-bde2-cc5095a31d24,PJ Morton,soul
e3e7a076-ee69-4f19-84db-d092f7e38e40,Plan B,reggaeton
15d2ba47-d023-43da-808a-ceeb671bf8a5,Planet Asia,hip hop
176706f4-edc7-4f58-90c8-b1f81162b725,Playaz Circle,hip hop
4f23a011-5a20-417f-bc20-6497677ca244,Play‐N‐Skillz,hip hop
72f62a4c-0042-49f6-b4dc-2f5b27dd289f,Plies,hip hop
71fe93a9-4ea9-4995-80a4-6a92b2972d1a,pluko,
b04df404-eefa-4ae4-9f3e-ba220d9dce16,PNAU,dance
aa5a6061-e60d-4a58-b9f6-c09de390bb2d,PnB Rock,hip hop
f58074d9-c62b-4aa8-85ef-dce1426bc00d,Poeta Callejero,latin
28a91e2e-78c6-4cab-96e4-18b48f9ce624,Polakán,reggaeton
7e1e5648-1d6a-4248-975a-98603e781848,Polo G,chicago drill
500813bd-3eda-48fd-9baa-0b1fd2fe9d4e,Pooh Bear,
82cc5b8b-22e8-48e3-9f97-6ab39ac316d6,Pooh Shiesty,gangsta rap
d7641934-7dfb-49ea-b948-da0b12816b12,Popcaan,dancehall
7d9daa0a-ddc9-46f6-ad3a-18b7083c423c,Popp Hunna,
974ad4e5-08f1-43cd-a194-178f833416c1,Porcelain Black,electronic
e51e8149-a8e8-472a-9004-a4db815a3b3a,Power Jam,
97f8bd2a-03a6-4588-bf93-93f0f93b0337,Precious Paris,
39792e67-a336-4842-9ed6-39854c6c8ff0,Preme,
ba9ea035-4c62-4025-83ca-8c1bd83854e2,Preston Harris,
070d193a-845c-479f-980e-bef15710653e,Prince,funk
329c77e3-a4ad-4770-9081-a5716a20ab70,Prince Ital Joe,
d1689304-23ac-4eae-a147-bd2e4100581a,Prince Royce,bachata
34d61873-7bdd-4dd8-91d4-9ae585b4622b,Priyanka Chopra,
2996c6a2-215d-4f78-aed6-81a130b04816,Prodigy,hip hop
16983f75-2c35-4316-bc7f-291f019b96d7,Prohoezak,
8b8985eb-f71f-4229-9f11-171a7aac98c1,Project Pat,crunk
04c1de39-1ac5-46f9-a395-e0fb556c23d9,Proof,hip hop
facc7d3b-e7bf-4cb4-8d2d-0ad3a4bd87d5,ProVerb,hip hop
bf2e15d0-4b77-469e-bfb4-f8414415baca,Public Enemy,east coast hip hop
809dad11-6b57-4a7c-b334-44f9f96fd3ea,Punch,
9a0d4264-23ca-499e-9e7b-f0ab7ad66b0c,Punchline,hip hop
90d97d69-a947-4cd2-8b39-c5dec750a6f7,Pure Bathing Culture,
dcc46bcb-0266-49fb-b83b-1e61cd67e4eb,Pure Honey,
14ecd19f-7121-4192-8549-e5056241a42f,Pusha T,hip hop
149c65b2-93e3-4009-84fb-5643f6d1094e,Pusho,reggaeton
9423c610-8976-4b9f-a630-64cfbd2e035e,Q Bosilini,
9a6ace62-1407-4a38-822b-ef26d527a76f,Quality Control,
09742c4c-4e39-435a-8418-7623b0d44e46,Quando Rondo,gangsta rap
6143403a-df6c-429e-8ee6-ef869896b0da,Quavo,hip hop
bb8f325d-b3c4-4cc8-8c2b-3380bf2d6353,Que.,
e6476e4f-ad4c-4e29-bd20-0cd622ffe441,Queen Pen,hip hop
3bd2a147-7d1d-4cf6-b13b-1f3ae1246c58,Quentin Miller,
78389233-ed0f-4a4a-9b7d-0f1a22d1f30d,Quictamac,
4c861d23-fc53-49ff-a64f-245dce70c779,Quintino,big room house
6c2dae99-eea7-48fc-b4d7-31cac2b6ee8f,Químico Ultra Mega,latin urban
b3c94036-6166-41d2-91a2-dc3a0b5fa188,Q‐Tip,conscious hip hop
759d57ae-ac3a-4b42-b965-314617a75e4f,R. City,
c2d25856-a09a-4d15-b404-77dd19c19e63,R. Kelly,contemporary r&b
55fd220b-ac29-4254-a6f8-74574a84db6b,R.C.,contemporary r&b
edb504aa-bbd8-4e43-9798-7263591420e0,R.F.C.,
eb0fbe2c-6eb7-40bc-900b-3e056c158125,R3HAB,dutch house
e597ae07-2c38-45b4-ac94-de24fc797584,Rachael Naylor,
c78c3026-426b-4580-ab23-08490bb8b515,Rae Sremmurd,hip hop
4e954b02-fae2-4bd7-9547-e055a6ac0527,Raekwon,east coast hip hop
37993cdf-f61a-488f-8cca-07e03b8aaa02,Rag’n’Bone Man,blues
27762582-b45d-48a1-bca6-d0cf8d202b4b,Rah Digga,hip hop
05a4a609-1bd8-4728-8762-63ad676f0086,Rah Swish,
2792b097-0b1d-4c50-97f6-f7f097f86438,Rakim,hip hop
026118eb-3958-420b-b887-fa728fda61ae,Ralo,
a09b5a31-1356-425a-8f23-213d59b0b440,Ralphi Rosario,house
193b99f4-a491-4a54-b397-2ce414f0f850,Randy,latin
da7bb7d8-557d-4635-9ca1-e6e985525bd5,Randy Newman,singer-songwriter
144d0e77-8ce7-4311-967d-14f9a6eaeff7,Ransom,chipmunk soul
a2eb319d-a45e-43c3-bb14-d0ffb577222c,Raphael Saadiq,r&b
dcd66ec4-415e-49d2-8264-067e2adb86c3,Rapper Big Pooh,hip hop
44223a23-a89a-4815-9eab-e36ce9d0ebae,Rappin’ 4‐Tay,hip hop
d6302903-1f62-420a-8d8b-c54941ac754e,Rapsody,hip hop
ccceb435-efd5-426a-bcdc-024262712525,Ras Kass,hip hop
4e4d359b-db78-4b8e-98b7-d657bb7efeae,Raulín Rodríguez,bachata
197b70c7-8910-4030-ad03-632d82aa40e3,Rauw Alejandro,latin
c4c81815-2763-4492-9c7b-2546c62d3bfe,Raven Felix,
94c64122-dbd4-4927-b2fa-f204b0b4b0c2,Ravyn Lenae,alternative r&b
d66c1a02-e53a-49e3-b190-962dd09f4517,Raw Dizzy,
2ce02909-598b-44ef-a456-151ba0a3bd70,Ray Charles,jazz
9e8fbf65-e9f9-43c4-a72c-655c379ab42b,Ray Cooper,rock
9a07de5c-37e5-4907-ac77-ba9674a9bd6a,Ray J,contemporary r&b
8be564c3-dfba-440b-af8c-4ffbceeef45e,RAYE,pop
478e1c5e-cf31-4fc8-a65f-14c7fe86754c,RBX,hip hop
a45efc83-7752-4d35-a49e-08e4d60a8dd1,RDB,
f2e9db7b-4744-4e49-ac18-bb78c9304722,Real Boston Richey,
63bbae5f-9b03-495b-aade-e3073499fb61,Red Café,hip hop
4cfaffae-44df-42bc-9b3f-118aa097670c,Redd,akon
1f1f6737-b930-46fc-8d25-110bb99f7490,Redman,hip hop
b6618039-d241-4ed1-8b86-d759bfd7f4e8,Reel Wolf,
e99e2d8a-4516-4b22-ab93-65ded3b58297,Rell,soul
720c46ba-a0e4-4b58-aee2-3bd70c70901f,Rema,afrobeat
1e882508-f664-4abb-919a-8e266f2fad63,Remy Ma,hip hop
e79f452c-d174-4c36-919e-a80f71aa4cf6,Revol,latin
883cbf1f-dcaa-4d17-b9ed-394e1fdabc87,Rex Orange County,alternative pop
62adc69c-f009-4dac-8c57-3c56616bfc8c,Rey Pirín,reggaeton
8c662aca-4a3e-4e45-bd26-481b4793ecd4,Reyo,reggaeton
1f8e7e6f-fb43-4121-83c6-f4c9992b7036,Rhymefest,hip hop
15b4956b-1d83-42ca-b71c-e04d8fb0c93c,Rhythms del Mundo,latin
222583fd-ad4b-4fcf-8cbe-a3c6152f34d3,Ricco Barrino,soul
49d67664-6962-4f69-adc4-f52208c78dd2,Rich Brian,pop rap
02339890-0761-44b8-88f6-90977faf9ee5,Rich Gang,
d9547d08-4c2e-47fc-9451-b8e3f889716e,Rich Homie Quan,hip hop
f8fdcd6c-0f26-4ebd-a6bf-a0d2a8a11438,Rich Kidz,
6d063567-dbf9-4b2a-bd11-1a4450cd93ca,Rich the Kid,hip hop
2d1d8985-47bc-4244-8cc3-577584e411f6,Richard Ashcroft,alternative rock
c511abaa-e604-494f-b74a-224ae349b1d1,Richard Orlinski,
5a762b5f-3763-4412-86b1-123185cdb573,Richie Rich,hip hop
3ae4a23a-80a2-408f-9079-d6571c2525ae,Richie Sambora,hard rock
cba9cec2-be8d-41bd-91b4-a1cd7de39b0c,Rick James,funk
f229ca93-b7ce-42b5-aa39-f8ae2dbce673,Rick Rock,hip hop
e42fe0f0-8573-4d9b-bfca-761d9160b7df,Ricky Blaze,
565573ff-2be9-48f1-b788-a3bba7f3425c,Ricky Hil,
d2de83d7-1a71-47bb-b7db-52c43d9dbd42,Rico Bernasconi,
f7d8f1ce-6a72-422a-b746-22137b3a05d0,Rico Nasty,alternative hip hop
f0bf3f58-bfc9-404b-ac54-49e04544a757,RiFF RAFF,hip hop
11ae53ff-8cee-4938-ae83-1c27647e564d,Rileyy Lanez,
300c4c73-33ac-4255-9d57-4e32627f5e13,Ringo Starr,rock
a97922fb-b081-4791-a498-893872c79a1e,Rio Santana,
0976dbd8-e7fe-4161-9a49-58c57f7a7787,Riot Games Music Team,game company
c9dd033c-0270-463c-b3ec-f4b7712486fe,Rita Ora,electropop
70839db9-59d8-4ae1-a900-6187e7f731d6,Rjae,
6a4999bf-eb34-49dd-a41a-672e4e4d1efc,RJMrLA,
262d255a-6374-41c5-9ce8-2a4586dd3051,RKM & Ken‐Y,reggaeton
39673f40-8aac-4ca9-b44c-c1a0a0a04cc4,RL,
4c3e5e6d-fa37-41bf-ad63-462929fd3c11,Rob Grant,
b43ff7ca-3726-442b-ad36-121476df89ec,Rob Patterson,rock
cfbbf815-a45c-41e7-8676-53f998781ca4,Rob.B,pop
70ee11b6-edf4-4cb1-80bc-7bba3b719b14,Rob49,
decaf88d-365d-4441-bfef-f3fc8a7eac21,Robb Bank$,trap
db4624cf-0e44-481e-a9dc-2142b833ec2f,Robbie Williams,pop
7112c4bc-5b15-4180-bfd5-2ca76745e87c,Robert Cray,blues
bd53f9a7-8be9-46b0-bf7d-1deea3cb57bc,Robert Plant,rock
7d1a1624-784b-4f89-8ff9-b9b493cd059d,Robert Smith,indie rock
37a0943e-9638-48fe-9a56-7192d7efbbed,Robin S,vocal house
ddfd9b2f-186e-4b2c-ad09-01aa5380c225,Robin Thicke,soul
5a8e07d5-d932-4484-a7f7-e700793a9c94,Robyn,dance-pop
ee6e3364-cca8-4e7d-8ca0-f46fdf013f0b,Rock Mafia,
547baf5f-dfdb-4cfd-bbfb-7d7eed7ea13c,Rockie Fresh,hip hop
0dc215ac-3186-474a-aab5-443f7168fcc8,Rocko,hip hop
a35237a0-4f47-40a6-b6f3-1e786db23402,Rod Stewart,rock
cb3d3e49-bf08-4cdb-bfa8-4dc7c458cea1,Rod Wave,trap
5721c227-4caf-48b1-bbfc-1a4ed3276963,Roddy Ricch,hip hop
3896a59d-3058-4797-94b7-864bc58ccd98,Roger Daltrey,rock
1ee7489a-af64-4ca2-9041-c1d8588b3a97,Roger Troutman,
55e51d2c-4d7d-47cc-bcdd-a013eaf76d9d,Rojay MLP,
cfa75366-4aaa-44bd-8a9f-3c36d55f8fb4,Rome Fortune,cloud rap
4395052a-9b7f-447b-ae9f-6753cc0501d9,Ron Browz,hip hop
ed7203a5-a5d2-451d-a0ba-f13433166076,Ron Funches,
ad8585b3-655e-4e6f-82a8-e10f89ec65f3,Ronald Isley,soul
bb712add-f762-4f33-95cf-06a4c4be5ee1,Roniece Levias,
93c1cee4-2604-4cd2-8d72-8bc59aa9f6c2,Ronny J,
fecb6ac4-f278-49cc-b2e9-a9e68f833863,Roscoe,hip hop
2d79c678-e9e6-4456-a941-8ca436747a43,Roscoe Dash,crunk
babf9042-3d40-4926-8bd8-6a2b42b0e911,Roses Gabor,contemporary r&b
f5c40f32-24ef-4c47-81bf-76e606b18714,Roshon Fegan,
7f233cda-eacb-4235-b681-5f7be343a1a2,ROSÉ,k-pop
b4fcb8bb-b43c-4c95-9ce5-174aee872c37,Rotimi,contemporary r&b
e5b3e53a-abb2-4c89-9179-79de778569c2,Rowan Blanchard,
fea25819-3080-4c90-8919-1c683fa30289,Roxxio,
299597ae-3a20-4bf1-973e-03704af69f6b,Royal Philharmonic Orchestra,classical
a818c24f-d7c0-4420-afe9-09971652b87e,Royce da 5′9″,hip hop
b5d9d6e4-7105-44dc-98bc-b751c3b0f5f4,ROZES,
2482e2d6-095a-4c45-8060-14999857fb4f,Rubio y Joel,latin
b09ced80-aa65-43c1-9aa7-58b1e982eada,Rudimental,drum and bass
5ecc3f72-20a6-47a0-8dc5-fb0b3dadeea0,Run‐D.M.C.,east coast hip hop
15257a48-d9f6-4fd1-b30e-323576b15aca,RuPaul,dance
28050b85-76f1-49a6-9879-4074bf186f49,Rvssian,dancehall
81277a03-d1e0-49cd-971b-8582a5653d4e,Ryan Beatty,pop
2f87ff5c-dd38-4e2f-8a63-ace112b44002,Ryan Castro,latin
0bc6d6e7-0858-4b73-a079-7aa681095f98,Ryan Tedder,
1c4b484c-746c-48b8-88b2-40f09e15159d,Rylo Rodriguez,
29c28ac3-27c5-4822-8eb6-0af89a3a7240,RZA,hip hop
f223722b-cbf1-4829-b764-ff5d93c2b5e0,S.P. Leary,
944ac30d-4bb0-4321-9267-4c484385281b,Sabrina Claudio,contemporary r&b
6d9e19a1-8b98-46c2-a933-cf967927ed9f,Saeyers,
c211af3d-65e0-46a7-ac49-6c84837a0d16,Sage the Gemini,hip hop
eccf0d8a-8e38-4ba8-a13d-dc15337dafbc,Sam Fischer,pop
23dce87d-967e-42b8-8e2f-a469d7f2a6f2,Sam Sarpong,
fb029b2e-1891-49e9-a679-e4c4c11e08ad,Samantha Nelson,
130c2184-14f2-4180-a216-04b5a333be57,Sampha,alternative r&b
deebc49a-6e06-418e-860f-8c7f770a8bac,San Francisco Symphony,classical
023e05af-dc11-4c20-89dc-a5b23f18dc6c,San Quinn,hip hop
97b20fe3-0924-4a5f-9955-d0b5c5f9587f,Santigold,electronic
cc885b09-e2c2-40f2-9730-289708c78c9d,Sasha Belair,
5e021328-1502-48b3-aec4-bf6eb5f20eaa,Sauce Walka,hip hop
72d424d0-c349-4164-ae3e-8e5274f97b98,Saweetie,hip hop
25d06254-be29-4f5a-94d7-8b22f93d0c4f,Scar,
7d0b6027-8132-4417-8c4c-ef0bbf9161c0,Scarface,hip hop
bce6d667-cde8-485e-b078-c0a05adea36d,ScHoolboy Q,gangsta rap
b7f6562f-1d6f-48b5-9668-414ea5a500d1,Scooter Smiff,
9e09f321-8919-4bb0-8426-b73908ebb720,Scott Hoying,pop
aecfcd1f-bc36-411e-af3d-221ca4f04758,Seahawks,
441cc2e9-f07c-4c31-a6dc-749d993012cc,Sean Garrett,hip hop rnb and dance hall
f7eb3be3-1065-4a53-94d4-e2d0c15c0b33,Sean Kingston,pop
722c6718-0c61-4db2-a8bc-993a8c5d2baf,Sean Ono Lennon,rock
c3da3346-2643-48a7-93cd-011f6834b3d7,Sean Paul,dancehall
f69e91ff-878f-4429-86b1-b7bd1968fae5,Sean Thomas Caskey,
709f5e96-51cd-49b4-a8e4-0ca0bf808de3,Sech,reggaeton
6fdf1d65-7f5a-4a1c-a40b-3fbb7e318283,Section Boyz,
0159b448-ee6e-4417-b066-635c73fd835c,Seff tha Gaffla,
fefeb63b-9430-4fe8-a332-0c400351af50,Selah Sue,soul
89128a3a-6257-477b-af97-7fffd99c070b,Seth Narley,
c97f0ff8-74b9-41b2-be2e-2b5a334587df,Sevin,contemporary christian
ec3e1298-23c5-4c39-bb2b-ae6a588afdeb,Sevyn Streeter,contemporary r&b
0953d634-b964-4f2a-b862-8de475aeaf47,Sexyy Red,hip hop
c0336f2a-610f-4b38-bc13-eb07393425a7,Shabba Ranks,dancehall
3c5eed42-c846-4c57-82d0-47b9ba9ccd14,Shade Sheist,g-funk
f9777ea6-02fd-4ba1-8266-cd619f3937fd,SHAED,indie pop
fc63d806-ca89-4ea3-a404-ee6de695743f,Shaggy,dancehall
73eb83c7-ae3e-4395-b1c1-35099dbad019,Shaka Black,latin
e0195400-ad63-4a21-8d56-9a96647cb24e,Shakin’ Stevens,rock
bf24ca37-25f4-4e34-9aec-460b94364cfc,Shakira,pop
0b36b1f2-5b27-4186-b685-357aeb143412,Shalonda,
29bec046-e58b-4b9e-9853-c0bdeb84a5c7,Shane MacGowan,punk
bfbaa468-c0d4-4a3c-bb2a-cf71e88ff2c7,Shanell,
faabb55d-3c9e-4c23-8779-732ac2ee2c0d,Shania Twain,country
074d8126-20b8-47cd-b874-9d8457df7684,Shaquille O’Neal,hip hop
67fb1583-fe24-4c08-9293-241789cbdbd7,Sharon Leal,
cb72e132-66c1-44c2-986f-eed70d97d29a,Shaun Ryder,
b7d92248-97e3-4450-8057-6fe06738f735,Shawn Mendes,pop
4b2c4580-7e17-4277-8b20-5246f5f37b61,Shawty Lo,hip hop
07ab04d4-bdbc-4c93-bfb2-457693a4ff94,Sheck Wes,trap
339ed05f-5f9f-4222-8e95-5bf5ec3af22a,Sheek Louch,hip hop
e6e4b25d-37d7-4fc1-9022-2b83a298fad8,Sheila E.,funk
c99aa692-67a6-468f-9d97-b6e36c401f6b,Shenseea,dancehall
10ef4092-4700-423a-ad3e-8e42e78fa820,Sherie René Scott,
ddb40ce1-43d5-41e3-9c94-9dace457cc4b,Shiloh,
8eedee1a-2e52-4dc4-911f-3d2bd37d09aa,Shock‐G,hip hop
10d8e90d-2c32-4d45-b966-986f5d0f9fa5,Shoffy,
f5813721-83ad-41c6-8745-da4290273d46,Shon Lawon,
dbf7ed93-caae-4961-b7ff-97faed5a45b3,Short Dawg,
bd7aa053-8088-4cdb-bff2-f905acab28e1,Shotty Horroh,hip hop
6adf9466-e93c-4ccb-8f40-6e83ec433b67,Shun Ward,
21354007-a91f-4460-934d-12d389de3a2a,Shy Glizzy,
fb09bb85-5a97-4092-b056-a9e50773974a,Shyheim,hip hop
b85791db-53bf-4847-ae63-75f279afd36e,Shyne,hip hop
2f548675-008d-4332-876c-108b0c7ab9c5,Sia,pop
9afee8b9-0cb8-4e85-9d20-329dbf7d8cc5,SIDEPIECE,
69407e6e-8cc1-4d48-91f8-7e07b94032a0,Siedah Garrett,
6ba17b17-f85a-45d1-a662-c5d6c9803f23,Siete7x,
14266c71-6680-43b4-8913-e15bf05bd788,Sigala,dance-pop
1f9362b8-082b-402b-8c12-a13528201478,Sigi di Collini,
151cf172-bc15-4f77-b80e-d56fc0f6cfb9,Silk City,songs
31809878-c50f-4931-8acb-15d1dc1140cf,Silk E,
417f125f-591e-47f6-97d5-fadb81dec7d1,Silkk the Shocker,hip hop
17a8864d-5a54-4e15-b5ea-cba33e296809,Silla,hip hop
644569a3-6cfd-4f5c-9fe5-80bc4d78f816,Silvestre Dangond,latin
a78bb8aa-8004-45d1-a37d-6421ea085bd1,Sinfonia ViVA,classical
776dbbce-25aa-411e-b344-ac9067d39f17,SiR,alternative r&b
2630df0b-56ab-445c-a25f-dbaae15458f3,Sir Andrew Davis,classical
9483f10d-06c1-425f-bfa0-2ba0911e5853,Sir Thomas Allen,classical
4b0303f6-933f-41c3-a90d-9312fcafbf4b,sirenXX,
e4a68340-a3a9-413f-ad26-70f2b25f5206,Six-2,hip hop
5b146793-233d-40b4-b601-ec298eed508c,Siya,
c8327cc0-54f3-424f-a68d-000ee7289a41,Sizzla,dancehall
43810b53-144a-4f6a-925e-66987a10b098,skaiwater,dance
64a3ebf2-4b40-418e-81ef-8825928bd887,SKAM2?,hip hop
94cf511f-296d-47b9-badd-954647e7d3fc,Skeme,
610c3ea7-52a8-4c9c-80d3-d569ee829847,Skeng,
38474d18-9204-4f60-a137-1fcc6750b869,Skepta,grime
faf916e0-ffc5-4345-a10b-b79ed8c9b8f6,Ski Mask the Slump God,hip hop
2f639ba8-11ee-4128-9915-2303afd30078,Skillibeng,drill
0f2b33e5-3969-4af0-a417-e111a373c624,Skip Marley,
342127c5-7b57-418d-8327-20bd619a7f36,Skippa da Flippa,
7e629bfe-7ca2-4a5f-b486-1eaec9a15f6a,Skool Boy,
49d548aa-5417-4a4d-8d1d-58dad2103bd2,Skooly,
bd01c9d7-89dd-4cb4-9baa-a43bfa292bed,Skylar Grey,pop
5e7a7026-dfc5-4aba-8496-95140716f3db,Slash,heavy metal
cdf4546b-e9f0-488a-adac-11b6c1ba2d99,Slaughterhouse,hip hop
f8060e2e-3dd9-431a-b7ae-31b1e656c7ee,Slay Squad,
e220955e-2810-4bbb-811b-6d30f62b6392,Sleepy Brown,hip hop
13108baf-5129-47b5-a174-5f720012155a,Sleepy Hallow,drill
20b06d89-98a8-4f2a-acd7-e6bb73f74f63,Slice 9,
486af4f0-a79b-468f-be73-527cd4caf6ea,Slick Rick,hip hop
6630fead-3a33-42dd-b582-7ea298030a3d,Slim Dunkin,
57304f10-fc18-4d56-a4c9-8ae4378b4ec2,Slim the Mobster,hip hop
e0f5273c-637e-4e10-8304-81f2f9a31523,Slim Thug,hip hop
333e76b4-9606-4fd3-bcb3-8e7660bb4d96,slowthai,hip hop
e7241718-2614-4594-a672-1cedd6d51b7b,Slug Christ,cloud rap
848d0b95-ac2e-4c18-a025-7fb815281ad8,Slushii,dubstep
9763f183-da67-4760-9c77-4c5fd1503feb,Sly Jordan,
f4c9edc0-f85c-407f-bd81-4f95a353c58b,Sly Pyper,
6177f8df-469c-4e9d-a09f-524b29c4d849,Smif‐n‐Wessun,hip hop
96800e05-9924-4321-859a-76e0d4750f2f,Smino,hip hop
d3a0645e-01c7-4ffc-95a0-8e6513486475,Smitty,gangsta rap
547dcb59-ea49-40e8-89cb-6722741e65f9,Smoke DZA,east coast hip hop
334c33bb-18d3-4c34-a9e9-00f7000c59b3,Smooky MarGielaa,
9c430c97-0a04-4d2c-8ae5-78f781879940,Smooth,hip hop rnb and dance hall
7bb5fb65-f82c-44e2-80e2-e0e49cd6ffd5,Snakehips,
cd23732d-ffd2-444e-8884-53475d7ac7d9,Snap!,eurodance
636e0fb6-f2ad-45fc-b385-4d994665e7e3,Snoh Aalegra,alternative r&b
70cb4669-ad7a-4d5c-b99e-7582df393cc7,Snow,dancehall
33243fef-ce1a-4ba7-a81e-ec72e4c5029a,Snow Strippers,electronic
dbd21564-de36-4c13-8b59-a2aa094cc582,Snow tha Product,hip hop
4072e225-336f-49f9-bac1-c94be913cb65,SOB X RBE,hip hop
e33c7d5a-7ad8-4ac8-a685-12e1a4e1d9c1,SOFT PLAY,punk rock
410e7fd3-b865-4fa0-bb18-1b7fd53382ca,Solange,alternative r&b
fd4c0311-a307-4714-b008-8fa8ee135781,Soledad,
2fd6d12f-d5bd-45c9-9099-148db04ad55f,Solo Lucci,
b787b4f2-ad08-43ba-845b-c3393a8079eb,Sonny Digital,southern hip hop
18511320-ff94-495e-8a48-96be8641caf8,Sonny Sandoval,
86d45470-02a0-46d5-b1f5-31119de0b0b0,Soopafly,hip hop
ee01cdb5-77de-40d2-9cdd-d15e669e340f,Sore Losers,
5520179c-352e-4477-afeb-1273754d92b2,Sosamann,
29eead4d-3793-4625-8727-c03edbb38b8b,Soulja Boy,dirty south
e31052ad-277f-4a67-bc8c-239579592e13,Soulja Slim,hip hop
d642aa48-79ef-4837-b8df-72ae8a4ecf52,Southside,hip hop
92f29d03-1d89-42a6-9ea7-ed17bc5d6dc1,Space Cowboy,
5c2ece0c-880b-42bb-b696-df3e417c811c,Space Laces,dubstep
6c0143f4-f950-4608-8572-6ebefc2a37c9,SpaceGhostPurrp,cloud rap
8df68f6c-40c0-4c9a-9343-ed949cb5ffcd,Spacemonkeyz,dub
f21b4daf-f836-4d80-a854-97bd0add6fb0,Spice 1,hip hop
bf0caafc-2b20-4e07-ab85-87e14ff430ce,Spice Girls,dance-pop
a964f2f7-0f00-4493-bb03-93c53afc5a69,Spider Loc,gangsta rap
43ad227f-40f6-48df-8ef5-83e54080fbd3,Spiff TV,
48127a8d-e677-4196-900b-df0d1e3a9ab5,Spike Lee,
b192aad2-e241-4e6e-96e5-6e8061057244,Spooky Guy,
d0a0b3a2-ea58-4a7a-b18c-849d589bfac7,Spın̈al Tap,comedy
df4f21f5-04bf-4785-b34a-ea4963c87da8,St. Laz,east coast hip hop
5334edc0-5faf-4ca5-b1df-000de3e1f752,St. Vincent,art pop
5c35448f-423b-4b71-be35-ee4d4fedd1ef,Stafford Brothers,electro
daf473e2-1940-4d53-84c8-1c2d1c4249b0,STALONE,
a3a18c7c-9211-4822-a41f-925d0b616f8e,StarBoi3,
16657c3a-2b00-4416-a719-0d03e35b1918,Stat Quo,hip hop
a3c5e7b0-fde0-4b65-a89c-bab42c366c43,Static Major,
1884ed9c-6fe1-468d-a7f8-8d19c9c4e441,Status Quo,rock
c5a73e97-82ff-4b97-a9f7-49b1f799cb87,Stefflon Don,hip hop
a80fbfe7-52d0-4059-be70-9836d8747e3b,Stephen Oaks,
b16aa5fe-e00b-41af-bb81-c254aab6059c,Stephen Richards,
57df78f7-085d-4322-9589-fd41c1e1e869,Stephen Schwartz,musical
19659aa7-cd3a-4bfe-bca0-6943e9e5c6e0,Steps,pop
a39acc4a-985e-4173-a9ed-f325f2d3bc1c,Steve Aoki,electronic
2a3cb256-2cd5-4ee4-a150-f793ff6e6bec,Steve G. Lover III,
b29020d6-5dbf-4c99-b16f-c009f8a712ff,Steve Lacy,alternative r&b
4dc5397b-d31a-4fe8-9905-e2cec352e3d2,Steven McKellar,
1ee18fb3-18a6-4c7f-8ba0-bc41cdd0462e,Stevie Wonder,soul
dd10cfe1-ced1-49f1-92cf-ac33265dc274,Sticky Fingaz,hip hop
7944ed53-2a58-4035-9b93-140a71e41c34,Sting,pop
6cc9ac33-1573-4c3c-bf2a-294f07eb54a8,Stokley,
e2205e51-9450-4c4e-9486-eb13e9bf0ad9,Storm,hip hop
d331bf52-2eed-42dc-9beb-42278bfeb49e,Stormey,hip hop
67fd5116-7a49-4abf-a34f-b08774128a7a,Stormzy,hip hop
142b343d-bf5a-428c-a64f-6d1a7566bbe9,Stray Kids,k-pop
f1ff9961-d153-4ca4-93c8-4a2802c90432,Stressmatic,
711f9fa0-4d97-4a04-be23-1c57dc6eb531,Stretch,hip hop
b5ef6218-5756-48fe-9d18-feb5ed00cf40,Strick,hip hop
1dd15952-439d-4606-ad8d-a9580929ca55,STRYV,
8c66eb46-147a-4604-be3e-c0e503e1e33b,Stuey Rock,
6c81c5d0-5159-4be8-b774-aa8397ed5a93,Styles P,hip hop
ae41ccb4-48cb-463a-841e-d9eb0a265d94,Stylo G,
d230bcfb-c1b2-4f00-805b-b79e4d6a866e,Sue Cho,
b629da42-c668-49d2-be67-498605ee2a13,SUGA,hip hop
dba60855-62c2-4801-81cb-5450ac0ddbae,Suga Free,west coast hip hop
f87b740a-c22b-4fae-9987-1f3e16f840c4,Sugarland,country
32cdb607-5812-4a84-963d-4f5239032be6,Sully the Chief God,
9167f739-da47-4495-9d63-9c13b40114ac,Summer Walker,r&b
7442fbfa-00ad-4e3b-8f45-9d2c62786eed,Surfaces,pop
b8fe4acb-c28e-44be-aff9-ebf572f85d47,SVDDEN DEATH,dubstep
a17ce9c3-8f6f-4dcc-a1b7-2a04ab9e31f0,Swae Lee,pop rap
3ceb1f73-29ad-4725-86e5-f4241c6f168a,Sway & King Tech,hip hop
2ebbf6bc-77f7-4759-8784-63bd77c2712c,Sway Dasafo,hip hop
99075985-0d80-4692-a15e-b16f78831792,Swedish House Mafia,house
f64b9374-d80c-4ff6-9bbe-026737defe6f,Swifty McVay,hip hop
698ff525-ff51-4206-8f08-60a7458aab24,Swizz Beatz,hip hop
3d3f17cd-a5cc-48bd-9b2a-f8d5f1990aed,Sy Ari da Kid,
7d3d6c65-e053-4657-8705-0ca61bc012ad,Syd,alternative r&b
1a514796-a056-4b62-b54e-363f6fa39ce5,Synyster Gates,
6bf591c4-b050-478e-9d9f-167394d66c90,Sérgio Mendes,bossa nova
c3401e41-c60a-4dab-8aa1-546a5a09f603,T-Money,
8fcbb126-852a-41bd-bb09-44fc8ab8ef7a,T-Streets,
c842d29f-a297-48cd-bb71-4f77fd672b16,T. Rex,glam rock
635e4c3e-9e67-405d-95d9-692240c55ab1,T@,
f25f9434-6977-48ad-848e-22234d00d1c3,Taco Bennett,hardcore hip hop
8822e152-2394-4803-b294-3f4936a8e42d,Taina,
7e92584c-ca97-48bf-8a12-0327db0f6ac8,Tainy,reggaeton
ba7d2626-38ce-4859-8495-bdb5732715c4,Taio Cruz,contemporary r&b
d88f324e-e00b-4a61-975c-9ae80e897e3b,Taj VII$N,
24d2505b-388c-46cc-8a64-48223ea6d78d,Take That,pop
70f5bb6e-9b87-4500-9c9f-2e1d373d07da,Takeoff,hip hop
7984756b-6564-4536-9faf-84022466a493,Tale & Dutch,
ddfff60e-cdde-46cc-a5ee-aac6d4ffa121,Tali Goya,latin
bb3cbea2-5ad4-4917-bc84-8a1975d40315,Talib Kweli,hip hop
ffb5f70c-cd10-48a5-92d0-cea440e6fd40,Tamar Braxton,soul
63aa26c3-d59b-4da4-84ac-716b54f1ef4d,Tame Impala,psychedelic rock
26fe36eb-fd75-4799-bf0f-fa502a7bcfe8,Tammy Wynette,country
d8002af8-7959-4cd5-95a0-eeadb2a638c7,Tanglewood Festival Chorus,
672728fc-5582-43e2-92c7-9edb01e84801,Tank,contemporary r&b
fc8ee5d5-f03a-4e7e-97c5-624ee35c9894,Tanvi Shah,
759dd4ad-5b0a-4ce6-906d-0ff539b9d8cf,Tapemasters Inc.,
45fc2337-3c0b-4880-b25e-21d40124e2ea,Tara Strong,
3c17c228-b4f2-485a-9d7c-ada98d9662dd,Taron Egerton,
898a8b4f-e837-44ca-9acd-589b36402df2,Tasha Catour,
82091270-4f04-49f2-bb02-1aa9a32aa46f,Tasha Cobbs Leonard,contemporary christian
a0dc6529-ffc6-4c8e-9bfc-97a3e4d1432a,Tate Kobang,
f9133869-f87c-459c-9aa7-2f176cda7e06,Tate McRae,pop
2f6f3184-d7f0-47e8-a756-fb0a14c3927b,Tay B,
22dd0eab-394b-4f05-ada7-c8d3dd336c52,Teairra Marí,
dde3d9b1-0e44-48bc-b0c9-d739b3570000,Tech N9ne,hip hop
35feae82-8b2c-4f8f-ae7a-af5662848947,Teddy Swims,pop
babeb28b-5142-4af9-a3c5-9987315f1fc3,Tee Grizzley,detroit trap
bd075a82-b196-4752-a1bb-3d87be3236a0,TEED,alternative dance
b475b9ae-8131-49ab-91a0-0eacafc09d14,Teeflii,contemporary r&b
98cb2d05-0b47-4bc6-b345-792eecbe8449,Teena Marie,contemporary r&b
f1660eaa-929f-48d4-9926-9aaa61afa52f,Teezo Touchdown,hip hop
6efb297a-d135-4b1b-8c6f-097c9670e647,Tego Calderón,reggaeton
9040f389-5fb3-4ac7-aad0-a500b51fbfb0,Tek,hip hop
ff07f9bf-5fd2-423a-b1a4-33ba40c9ec66,Telly Mac,west coast hip hop
1266823d-bd9d-4e1b-9ec2-601180e057b3,Tempo,latin
5b2a8faa-ffee-4706-a1a8-58f109bc8ca2,Tems,afrobeats
afb3102c-b7e6-4140-b825-7f84ea97f73f,TERIYAKI BOYZ,
47d06156-05af-420e-8835-be50353a5d52,Terrace Martin,hip hop
995d7339-ff57-498e-9c8e-faf955eba696,Terror Squad,hip hop
831a9925-d580-445b-a982-808aa925da31,Terry Hall,british
f6769c45-02ff-4dd8-b027-4351248f25b0,Test,
c7eb03c1-f8cb-4815-afc8-46df3b253129,Teyana Taylor,
6786ab5e-0d99-4aa6-8aad-9b5f42965ddb,Tha Dogg Pound,gangsta rap
54cb2d97-0f2e-49a9-afba-1f43ec76d519,Tha Eastsidaz,hip hop
0a13160a-c076-42bf-86f0-6efecb39f7bd,Tha Joker,hip hop
f7199fbd-7d84-4992-bc42-371f2bb61980,Thai Viet G,
86373877-44c3-4a2e-9948-c4ba2dd1f674,That Kid Chris,
5b6ebfe0-f72b-4902-bba9-74c8af0f1af0,The 1975,indie rock
03f3deb7-0419-4bf9-a1e7-511946385717,The Alchemist,hip hop
3f351696-75a2-4167-86b1-c5cd37770600,The Blessed Madonna,alternative dance
b279330c-1dd9-4e45-8e0b-94da645c3c03,The Bombfactory,
e482007c-83e2-414b-af47-be5a10c229db,The Breakfast Club,
01235b21-1814-4491-bd93-f2835d9ccce0,the Cast of American Idiot,
50d9d3ee-8947-4079-9d73-b01dd3e71d8a,The Cataracs,
0799b33f-a019-4cd7-b047-6fd3e3b55528,The Chopper City Boyz,hip hop
91dad7e7-0bf6-47e8-bd42-ef1fac32c729,The Civil Wars,americana
2cd7735b-7efa-4b41-9d06-a04f97f18976,The Clark Sisters,
13077eef-858a-4aa9-bc75-08e4a7d09579,The Creator,
535f74d5-8328-40ff-9cea-568ef916b3c8,The D.O.C.,hip hop
8cb6c9b8-ad1b-47d1-ac5f-aecf5b142277,The Down Ass Niggas,
0687b17a-98eb-49f2-bde4-20539bc82d18,The Federation,hip hop
019dfdaa-5fc3-45b7-9c48-35cce547f9f3,The Firm,hip hop
1f43d76f-8edf-44f6-aaf1-b65f05ad9402,The Flaming Lips,alternative rock
a7dd54b8-4922-4434-87d1-7555754f849d,The Glam,
2e62daef-dc0d-40ad-b430-fd6872e992aa,The Glitch Mob,glitch
d4305549-6b4e-4a57-b24d-8af0743fe191,The Hollies,pop
5b6ee286-cf27-4d67-8a49-0e95bdd834ab,The Hustle Boyz,
e5257dc5-1edd-4fca-b7e6-1158e00522c8,The Jacksons,soul
1ec7775e-8f75-4120-a078-bbb0b28625c4,The Jet Age of Tomorrow,
28c9f4ff-259d-41ba-bd85-30c14a803498,The Joy,
80609a00-b394-4a49-975b-2db6b543fa97,The Kid LAROI,hip hop
147a3ceb-ebeb-4ce8-96e6-b2b3616dca04,The Lady of Rage,hip hop
028e1863-cab4-4a3d-9dd9-91c682c91005,The Lonely Island,comedy
11d1bbe9-2743-48d7-807e-4b53ee1cfe15,The Madd Rapper,hip hop
92885064-c9c3-4f4f-9100-0809548c9ec9,The Matrix,
470868ad-447c-4cea-8a64-ab5fa3d40d1f,The Miami Project,
664c3e0e-42d8-48c1-b209-1efca19c0325,The National,indie rock
4a4ee089-93b1-4470-af9a-6ff575d32704,The Prodigy,big beat
1fda852b-92e9-4562-82fa-c52820a77b23,The Pussycat Dolls,dance-pop
7389422f-074f-45ff-a9b8-5790d3c84c08,The Secret Sisters,country folk
4eff36b0-5945-4ec9-a661-d99d002c3cb2,The Soldier,
e618770f-e994-41c3-856f-1eedf56b6d74,The Ting Tings,indie pop
8799413d-7df8-4eb9-8542-af8cea6b0feb,The Trammps,disco
c8b03190-306c-4120-bb0b-6f2ebfc06ea9,The Weeknd,r&b
a4f38519-6cd8-4978-8280-6bb7a54561ba,The Wideboys,uk garage
b04f3ce8-425a-4e3e-9654-023bb88a7e90,The X Factor Finalists 2011,
b38dc0cf-a3c2-447b-affb-e0d2108e5ca1,TheMusicNerdGuy,
806df23f-ad74-45c1-9c07-f3d1a20748d6,Theophilus London,alternative hip hop
66a4b9d2-d5a6-40b8-93d5-0bdd1dbb4b43,The‐Dream,contemporary r&b
8ed2e0b3-aa4c-4e13-bec3-dc7393ed4d6b,Thom Yorke,electronic
a254127c-575d-4df1-a883-12b5a0748b16,Thomas Wesley,
ced1b7d4-c711-46c0-9649-65bdcc7650e1,Thouxanbanfauni,
703f9c8c-32c8-482a-900d-a12fd8f20360,Thug Life,hip hop
2380f095-38eb-45b6-b30d-88f5de74deda,Thugga,
044fd265-79dd-43eb-afc4-8b20becf7e17,Thundercat,jazz fusion
ae952d46-0f36-414c-90d4-f202ea2d4a71,Tierra Whack,hip hop
94ec1dfd-9fde-470e-bd77-de3579ef5549,Tim Burton,
7e5cfc9a-e9e1-46f1-b81a-861b12049488,Tim McGraw,country
0226e802-58d9-4e2e-9b02-f46711bcbf93,Tim Rice,british
8350b139-c596-4cd0-9cad-65ba6c99ec72,Time Bomb,
81fdd079-7d05-4ba4-8577-9500df6a8c4c,Tina Karol,soul
9072df14-b61e-42e2-b4f4-6bbb7fdb5586,Tina Turner,soul
396a9525-0994-4542-b480-c4587feeb476,Tinashe,alternative r&b
9e2990ab-4d3d-4fb5-bd9b-1252440f043a,Tinchy Stryder,grime
95bad1d4-ba1f-4060-940b-d415d66e934e,TINI,latin
3cce3d37-d44f-46a2-b1e3-cd7247d5015c,Tinie Tempah,grime
ebe02d36-410d-4a85-a67e-36e2462e3e44,Tito “El Bambino”,reggaeton
aabb1d9f-be12-45b3-a84d-a1fc3e8181fd,Tiësto,trance
ccf21509-41c5-418c-9832-351f0824fb39,TJR,edm
99790314-885a-4975-8614-9c5bc890364d,TLC,contemporary r&b
1c55e699-6b41-4b82-8b13-19edf9bd7e78,TM88,hip hop
55b87e92-d3b1-4026-893c-da84ff7bfb2c,toasty digital,christian genius billionaire
4fbe9767-bcb5-4914-9f4c-f451f5861649,Toddy Tee,hip hop
269b7311-66c8-4a07-bcc2-e6b31c5627ec,Tokischa,dembow
dcafccb5-3741-485f-85d4-6d249f443ffa,Tom Grennan,indie pop
57c6f649-6cde-48a7-8114-2a200247601a,Tom Jones,pop
42a636a0-dbe4-4d0c-abe2-1590fad9531b,Tom Morello,alternative metal
5ca3f318-d028-4151-ac73-78e2b2d6cdcc,Tom Petty,rock
9b7e97d3-8653-4d28-8d67-cdfcfac372e4,Tomatito,flamenco
6281bbf0-3279-42b5-8692-a82a7296b3a1,Tommy Genesis,hip hop
68590572-3cf5-4d44-a83e-9c77b48adecd,Tommy Newport,
1ac36f09-6ef1-42f9-887a-8afda5246649,Tone Treazure,
7a07fe60-7183-474f-a147-8b8388717393,Tonez,
ea524cc6-191a-4c05-ab88-3bb5c0880ca5,Tony Allen,afrobeat
8be0594f-8c13-46bb-ab06-f93ffba5c776,Tony Bennett,jazz
0653c86d-903d-4fad-bc3c-a9db1f945809,Tony Dize,latin
e5fa0175-2e93-4ca7-90c3-33f239381252,Tony Iommi,metal
9c7a4e3e-bbcc-464b-be7b-e84d473215bb,Tony Lenta,reggaeton
45d21b70-e139-4ff9-b487-3c003fa7af0b,Tony Yayo,hip hop
8e0fe7bd-bd17-4d25-9b68-1e6a60705477,Too $hort,hip hop
483731df-278e-4a0e-95bf-8fcec36bed51,Top Dogg,hip hop
c2a0f405-2761-4177-95f0-d7031043f1ee,Topic,dance
2491939e-b112-4afd-8563-c1ab1ea27e1c,TOPS,indie rock
3a6d6481-142d-423f-91d4-55bbfff318ed,Toro y Moi,chillwave
5b8ec72b-9e39-4a06-a2bf-964166b92a71,Tory Lanez,hip hop
97b8d906-f2f8-4029-adc0-ca8d3d9c7702,Traci Nelson,hip hop
8edc4131-7610-4ba9-b2de-626cfe8c3c0c,Tracy T,offset
931e5108-b4c5-42b8-ac9e-a684d8db2e9a,Tracy Young,
bec5d16d-63f3-4bfe-92c6-1c4e3ac502ad,Trae,hip hop
c91fd576-61a1-4874-b4cf-08c0eaca0577,Trapp,hip hop
c4860792-5315-4661-8dac-59189bb43812,Travi,
76bf7aec-83f0-47a9-8964-eea180b99ac2,Travie McCoy,hip hop
3aebd566-7ff8-4b29-b017-051b6ec55861,Travis Barker,rock
ef95f90b-54e8-4774-ab8f-b26474a6317c,Tre Carver,
f7f173d5-76f2-4088-a64e-c523f424a43c,Treach,hip hop
6eb5cc6b-8553-4049-abf5-1ace1b6d9e59,Trevor Daniel,hip hop
4d7304f6-7fe3-4959-9d98-01a5af84afe6,Trey Songz,r&b
8efb78e6-9401-4f54-902b-57e9c3b54e64,Trick Daddy,east coast hip hop
5d7c0338-6a6c-4ec7-accf-8c22396aa966,TRICKSTAR,
9c7fa325-d654-46e7-a122-076aa5dd0a51,Trick‐Trick,hip hop
8a07d810-3d55-4426-a1f6-55f0a68f1dc6,Trina,hip hop
4da8a075-9db8-422e-a154-57386c572d88,Trinidad James,hip hop
6de3928c-a0d9-4c16-ad92-55c0a197fefc,Triple Platinum,
8032cf05-d916-4b2a-9c53-6e75d4a24bd8,Trippie Redd,emo rap
bbee6bad-1904-460e-b9f7-9e61fc890673,Tritonal,electro house
a9cdfcb9-b25d-46c5-82db-4cd94427b37b,Tronicbox,
b2152f2d-c2c6-46fa-b3cf-44055c2c86af,Tropkillaz,edm
2a57e5ef-2e62-4827-b667-14da58e3a1f4,Trouble,hip hop
2f8f1a8b-d24f-473f-9d73-43687c624ca3,Troy Ave,
e5712ceb-c37a-4c49-a11c-ccf4e21852d4,Troye Sivan,pop
b7b28335-448f-4f93-b8ab-a053125bc850,True Tiger,dubstep
db607377-aace-4a32-a439-373b7236df7e,Trueno,trap latino
c42d7b98-e57f-4ff2-86f2-bc77b51d3c1e,Truth Hurts,hip hop
cdc9e04d-4372-4249-8db0-a6142ab51fb9,Tru‐Life,
5cc919d1-b62a-4090-9a5f-d422b6a29c01,Trébol Clan,latin
b8a1e0df-5741-48bc-ae6f-19c55d1e8826,Turk,hip hop
9739471e-1fcb-4800-bb76-bb70361fc4b4,TWiiNS,
bd9599df-e57f-42a3-9281-6e7d36779a06,Twinz,hip hop
0bc858a1-3573-4216-9423-c96dd8c72919,Twista,hip hop
69866ffc-221a-4638-aabb-c3cee1f4b3bc,Tyla Yaweh,
693c6d38-88d1-4973-bc92-0953ee9c3ece,Tyler Woods,
975d94b4-7ca8-4eec-ae48-1aa4660995d3,Tyrese,contemporary r&b
39b844f8-f577-4763-920f-a679e3d29f7e,Tyrone,
bd906471-b78e-4c07-b487-5fabe74b937f,U-N-I,hip hop
a3cb23fc-acd3-4ce0-8f36-1e5aa6a18432,U2,alternative rock
80e8e55c-6e9b-470f-844b-48e618fb6e56,Ufo361,cloud rap
9603810b-5d6d-41a6-aca8-330ef966d55c,UGK,dirty south
e2ba3e8a-b71b-4c25-add3-7814a896c376,Ultimo,
9f1560de-9a9d-482b-afa0-99938e688330,Ummet Ozcan,big room house
dbebebd3-7449-43aa-921b-beae63af10cd,Uncle Chucc,hip hop
e09e31f2-8475-45e1-b38e-63cc0c35fe30,Uncle Murda,
ba2f4f3b-0293-4bc8-bb94-2f73b5207343,Underworld,electronic
2fe5e1e1-c9a3-4ca5-8e83-a28db7229aa5,Unfoonk,
709b9911-7000-41d6-a39a-206ad173640f,UnoTheActivist,
74a036b2-956e-4f5d-a53a-7a57f4142ec3,Urban Cone,electropop
e43ac48d-13a8-4562-8f40-441ee3d419ab,UTP,
724d3dbf-d75d-4528-870f-332641c3e1ac,Val Young,hip hop
a6c0fa04-c917-40db-aef3-d241703947f8,Valee,
aaf0bc0e-19be-4aea-8d44-40a66d45d3f5,Valentino,reggaeton
df36f6db-5987-46ed-9d02-0cf36ed4e060,Vance Joy,indie folk
1c107138-3dc4-41dd-b0ab-52a94ef2aae3,VanVan,
a98813f5-9b93-44c3-b479-b826c778f165,Veeze,detroit trap
8fc4ce76-5b0c-4b2c-b642-08fd07911dc0,Verse Simmonds,verse simmonds
1bad57f7-09d7-4689-be89-82f64ae066c0,Vesuvio Solo,
2138488d-fc78-45eb-8759-f325c1f2b400,Vico C,reggaeton
28d83274-26ab-4a6a-b9ff-340f4784e7dd,Victoria Monét,alternative r&b
20f42ffa-2573-42dd-80d7-d5f388303fc7,Village Boo,
78e854b8-9713-4ff2-9218-6b3784893bff,Vince Staples,hip hop
bed74675-5a1e-4320-9621-efda4d8f66f9,Vincent Price,
54eb87ac-5fcf-41de-b86e-9fafd1e771de,Viperactive,
fcc586c8-71c6-4de4-8257-395765aa1fec,Visual Ministry Choir,
77e300ba-3a04-4b3c-a3aa-a7e9427b8633,VL Deck,
c842457c-8087-433d-a895-ec58e7f14ca0,Voltio,reggaeton
7cc385f3-333c-48de-b341-3d728de74973,Vybz Kartel,dancehall
a6b09562-17e9-40a3-9999-b23a270d0db6,V‐Nasty,
7f17afa2-565f-46a3-b86b-1e96ce6cbdab,V‐Town,
5df88386-32bb-48b2-8eff-47a450079075,W&W,electronic
59eda569-b380-4958-b98c-051d1667b3e1,Waka Flocka Flame,hip hop
e34e41f2-f480-45d3-8190-a3ce5ab34fab,Wale,hip hop
b2ad35e2-a906-4fe9-b305-b576f05e161c,Wallen,r&b
da404f57-93ca-465c-af22-ffb544d82a03,Wallie the Sensei,
252f4cf9-60c7-4658-82e1-0875553cfbcc,Walt Dohrn,
36e953c8-149d-4866-99e0-78b4df61eee2,Walter Shakey Horton,
5f2d0aeb-0ac6-4954-8c7e-5bf742d20d14,Wanya Morris,
85d7666c-d3ce-4e2c-8b1b-f20db7cdae4f,Warren G,g-funk
9360677c-de05-4ec8-aacb-4f238e62f188,Waw*Mart,hip hop
cd5b5d8a-2118-4842-b2c6-29d70f2d6a6c,Wayne Marshall,dancehall
a81209aa-e6ea-46c3-bada-7048e12ee7f4,WC,hip hop
ec716d73-6f7d-4fa5-aa17-104121bfa4da,We Are KING,
6fe07aa5-fec0-4eca-a456-f29bff451b04,Weezer,alternative rock
12d5646a-b9e3-4510-ad37-5682c02a66ef,WestBam,electronic
23581654-4659-405a-a01d-ee6e2855d345,Westcoast Stone,hip hop
6701370b-3de0-49c8-bb45-6e949963e659,Western Union,country rock
eaafcf1b-730b-45e0-9e5a-4892702d4c5c,WESTSIDE BOOGIE,hip hop
9f42ba3d-3cfc-499c-ba16-7226f56b622f,Westside Gunn,east coast hip hop
4b5e7564-9f2e-4515-abff-ec0de2a76903,White Gold,hip hop
521f8a93-2d39-413b-865f-07c2426b6418,White Horse,
76a37462-72d6-46b4-80be-fdbcfa63432c,White Shadow,hip hop
b351ebc5-7d4e-4cc2-a78b-f78ff92f23d5,WHOGANGDEE,
4c4345e1-7a2e-4fd0-b35c-30600d247a5b,Wicca Phase Springs Eternal,emo
a834e6e6-3efa-4e9e-9271-6156e9158a0d,Wicced,
317606b4-e0c2-48fe-bcfc-a7e7547d968e,wifisfuneral,emo rap
d0f61299-9caa-4e6b-8b10-2839de120b27,Wiley,grime
5bae7081-64ef-4473-825a-38d310deb14c,Will Smith,hip hop
d574c9bd-46f6-440a-8d6a-8412a283eeb1,will.i.am,hip hop
d9c9cfb7-f751-4fb0-97c0-b3ddd768bc78,William Bell,soul
ff4c8d42-4871-4778-885b-d41b01245133,Willie Dixon,blues
668fd73c-bf54-4310-a139-305517f05311,Willie Nelson,country
27e8d6b4-2090-4930-a7f3-cfe14e21a2f5,Willie the Kid,
6bbfc71b-5f18-4e61-82fb-bee0c2a6b5f9,WILLOW,punk rock
b09775a9-957d-4101-aa88-da78b9c6ad36,Willy DeVille,rock and roll
afd6e960-0e48-444d-b65d-99e85cae90ba,Willy William,
6ceb21f1-fb1a-4c03-92dc-0ebc939dccb0,Winona Oak,
65f153ac-df83-4f03-863d-80517282b023,Wise,reggaeton
6a6eea03-b435-446c-bab1-312b45580aee,Wisin,reggaeton
3deeb747-c228-4d33-9892-f0aa081783c3,Wisin & Yandel,reggaeton
efc5d365-a448-4e2f-9b5f-4a7c84be725c,Wizkid,afrobeat
f2c428ae-b55b-4774-9b4f-fd7297d637bf,World Class Wreckin’ Cru,electronic
9a3b2d4a-2da4-49c6-9ab3-c680434dbabf,Wretch 32,hip hop rnb and dance hall
4f29ecd7-21a5-4c03-b9ba-d0cfe9488f8c,Wyclef Jean,hip hop
298f4089-1948-44b5-b5e8-d5381f42362f,X Ambassadors,alternative rock
8279dcca-1332-4570-ba8c-069841300956,xxtristanxo,
8306a3d9-35f5-4d78-85cf-7b0f7b9873a9,XYLØ,electropop
9e839dc3-55f3-4492-ad0e-a1a2e84275e2,Xzibit,hip hop
b81f61cd-9dc9-4eb4-ab33-75f28b400076,Ya Boy,
4e57ce22-bfe9-4653-b781-2fb8c261fac2,Yaga & Mackie,reggaeton
d4073996-dbaa-46b9-a34a-90f13d108fba,Yaki Kadafi,hip hop
b0e515a4-1dc7-4db0-a3e1-8964527c523e,Yan Kings,
3d291f48-a8be-4113-baad-c73618a7897d,Yandel,reggaeton
f5c4c27e-5902-4fc0-adfb-7775da3d5363,Yasiin Bey,hip hop
90bc6d73-6d26-421e-932d-e142ee528ceb,YC,
9f23b7c3-baa6-4e38-b1a9-5c38359ad982,Years & Years,electropop
9e6a6a2f-f696-4cc0-87f1-e4f712e46802,Yeat,cloud rap
13513a8a-e9a8-4367-b9e4-410fef5bed3a,Yelawolf,hip hop
f64f9476-c83b-4b4b-8471-418b05b90703,Yella,hip hop
aac4086f-b38e-4067-98ed-8e6b1d996e46,Yella Beezy,hip hop
759abafc-c4eb-4018-8554-f29a9d842779,Yellow Claw,moombahton
60daf046-114c-4945-b9f8-b6e1f7babf1d,Yelsid,latin
93cc3f11-751a-48d4-aaaf-ebad6cd0526d,YFN Lucci,
6b1cf581-17a9-42c3-927b-d1e2797b1695,YG,hip hop
da04a5a8-04f8-4393-9b0c-edfda214a57f,YG Hootie,
2e80ba15-ec0f-4bd4-b263-7e0671f38255,Ying Yang Twins,crunk
cf96bc6b-8f85-4d4e-b4a6-63f74f4802d1,YK Osiris,
59d6cea7-3771-4ce6-8c02-395ac5ba927a,YNW Melly,hip hop
b02ec63e-e78d-43e5-a594-462e95036e8d,Yo Gotti,hip hop
ddcfbc6e-a459-4e36-9304-c954abbd5e66,Yogi,
61abe51a-54e6-486a-b6b5-dc60a0e35ab6,Yomo,reggaeton
1e353852-6811-4ca2-b220-b6a17754ce71,Young Blacc,
5719f1bd-ee0e-4454-b402-8e51ba9613fe,Young Buck,hip hop
3f334aae-57d4-4787-a048-beec335d47e0,Young Dolph,gangsta rap
dd5731b8-20f7-4465-b836-f23c62024943,Young Dose,
4ca2bfcf-bd0b-4d8f-aff6-22435eb252ce,Young Dre,hp hop
b76f6f2b-87f1-466f-8a96-9443cf5ae07f,Young Dro,hip hop
f371a1f4-afc1-4b5c-9ec9-1b8cd272e5bb,Young Jordan,
0fa8ebc7-40b5-4b01-a69e-d9c418380eec,Young Kam Karter,
1777a6a4-00a3-41ff-8490-70967b71029a,Young Lo,
3ba45541-87be-4631-896b-d148b7f70f00,Young Money,hip hop
44d58b8a-def1-494b-8daf-aa2def5476b6,Young Noble,hip hop
79c9b9a6-4b78-4738-8b81-95b066321ea9,Young Nudy,trap
5f3b6035-0c7e-4233-a9d8-d55decbd81a5,Young Robbery,
e0267bba-55ec-4991-920f-a4d885f59cfa,Young Sagg,
876eaf5b-e416-44a2-824e-52ec90580fdc,Young Scooter,hip hop
f9788bf2-2317-4a9c-9649-6e168d2249e0,Young Stoner Life,
f13f9a16-117d-4039-b6d8-3576ca7497d3,Youngthreat,
e53945eb-9736-49b6-b293-e34f4c4b750c,YOVNGCHIMI,
280cf33e-dd0a-4dc4-9f85-e5b3f64d3d4c,Yung Bans,trap
d6a5d145-7bec-4c54-b2f9-80c5d41e9906,Yung Booke,
48669929-effd-4847-a15f-3462746de1d4,Yung Death,
eeb8db1a-8fee-41f1-a530-e752c76c8372,Yung Gleesh,
1f83258f-ee16-4f3b-8570-e9ef3ad6973e,Yung Joc,hip hop
757ed661-fbad-4e45-b1cd-a6b09f06f54a,Yung Lean,cloud rap
97529a9e-4b5a-4a9c-9c08-c42401d1c268,YUNGBLUD,alternative rock
2ab753e0-aad9-4cb8-81ca-8ab11d1ca1ef,yunggoth,
b675f327-4738-4af4-bb83-1adb0003f2d3,Yves Tumor,hypnagogic pop
d593f5ee-dbbf-4a03-bcc9-534c7cb8a74e,Zach Sang,queer
81600da3-6054-434c-8dfc-696debe6bf7f,Zaytoven,trap
e37d165a-0114-499a-988c-22c0ba79eaf2,Zebra Katz,hip hop
56c4b861-0922-4c3a-a9b9-3bfcb00f8274,Zedd,edm
47135429-ed7c-4b08-a30c-f0e66777ec47,ZelooperZ,hip hop
44c29c3d-728c-41b0-a9b5-e82f00397742,Zerb,
d3273495-8c20-4689-adf7-597039d6e587,Zion,latin
a06afacd-7894-442e-95ba-49366b2b3e02,Zion & Lennox,reggaeton
f62fb3a9-47b8-4b75-a716-fdadd01060cc,Zoey Dollaz,
2d64ed0c-08ea-4b89-931e-987e4b6bf067,Zona Man,
da9dc521-1f90-47d5-89f9-d51137aa3339,Zooey Deschanel,singer-songwriter
944ae2ab-c98f-4cb5-bc30-dd3adbb2cc91,¡MAYDAY!,hip hop
58daf317-be5f-439f-a04d-0d6727f1a3b2,¥$,hip hop
8248c905-689d-4e36-9def-7c515c5ef5eb,Ñejo,latin
c42157ba-d5f8-44e4-b225-f00731f7828d,Ñejo & Dálmata,reggaeton
b7f5054e-c9de-49d8-b0eb-6deefb89b86b,Ñengo Flow,trap latino
864f7d43-db8c-4d7c-a20b-1c58d8e6edf9,Ελένη Φουρέιρα,electro
b37dfc40-58e2-47ba-8079-1cb29556833b,Бригада С,
72255d1e-ba2f-475a-82e8-91cecf3f8b65,Джаро & Ханза,
2dedd382-2b14-4b88-a767-dd2220b4b509,Тимати,hip hop
ba26c1ff-e5e2-42c2-b1d7-b6f82ebc37ac,عمرو دياب,pop
18f76f49-d54c-49d0-8163-6543704a12f4,久保田浩,
a0543413-4c45-45e7-ab3b-7f8c36d83424,杨紫琼,
f9f9f6a1-693b-43da-bbeb-70395bb0a66a,水曜日のカンパネラ,edm
784e4c0f-0ed8-46eb-b780-21b236c14212,葉加瀬太郎,classical
